Detalle,Fecha,Hora,Latitud,Longitud,Profundidad (km),Magnitud,Localización,Fecha UTC,Hora UTC
,02/01/2026,07:58:15,16.77,-99.413,5,6.5,"4 km al SUROESTE de SAN MARCOS, GRO",02/01/2026,13:58:15
,05/12/2025,13:33:42,18.711,-106.657,5,5.5,"228 km al SUROESTE de CIHUATLAN, JAL",05/12/2025,19:33:42
,28/11/2025,14:06:08,15.222,-92.389,137,5.8,"12 km al NORESTE de HUIXTLA, CHIS",28/11/2025,20:06:08
,07/11/2025,06:04:31,27.808,-111.928,6,5.5,"62 km al NORESTE de SANTA ROSALIA, BCS",07/11/2025,12:04:31
,25/09/2025,04:16:24,17.857,-106.036,13,5.7,"218 km al SUROESTE de CIHUATLAN, JAL",25/09/2025,10:16:24
,10/08/2025,20:20:59,14.55,-94.558,10,5.9,"190 km al SUROESTE de TONALA, CHIS",11/08/2025,02:20:59
,09/08/2025,14:41:00,13.501,-92.602,38,6,"139 km al SUROESTE de CD HIDALGO, CHIS",09/08/2025,20:41:00
,02/08/2025,11:58:46,16.976,-96.361,74,5.9,"13 km al ESTE de TLACOLULA, OAX",02/08/2025,17:58:46
,18/06/2025,03:49:24,14.641,-94.232,18,5.8,"159 km al SUROESTE de PIJIJIAPAN, CHIS",18/06/2025,09:49:24
,27/05/2025,19:30:37,19.636,-109.017,5,5.9,"372 km al SUR de CABO SAN LUCAS, BCS",28/05/2025,01:30:37
,27/05/2025,15:59:13,19.524,-108.861,10,5.8,"388 km al SURESTE de CABO SAN LUCAS, BCS",27/05/2025,21:59:13
,13/05/2025,14:43:06,18.774,-107.13,5,5.8,"275 km al OESTE de CIHUATLAN, JAL",13/05/2025,20:43:06
,05/05/2025,02:28:12,16.351,-92.953,269,5.8,"28 km al SUROESTE de ACALA, CHIS",05/05/2025,08:28:12
,17/03/2025,03:50:21,20.074,-109.009,6,5.5,"325 km al SURESTE de CABO SAN LUCAS, BCS",17/03/2025,09:50:21
,14/03/2025,21:19:26,17.183,-97.569,64,5.5,"15 km al SURESTE de H TLAXIACO, OAX",15/03/2025,03:19:26
,05/02/2025,01:01:19,13.834,-91.671,41,5.7,"107 km al SURESTE de CD HIDALGO, CHIS",05/02/2025,07:01:19
,12/01/2025,02:32:53,18.496,-103.499,30,6.1,"47 km al SUROESTE de COALCOMAN, MICH",12/01/2025,08:32:53
,25/10/2024,08:46:28,14.2852,-92.6763,51,5.8,"71 km al SUROESTE de CD HIDALGO, CHIS",25/10/2024,14:46:28
,16/10/2024,13:41:00,18.7297,-106.753,5,5.8,"237 km al OESTE de CIHUATLAN, JAL",16/10/2024,19:41:00
,05/08/2024,13:03:01,16.7448,94.0587,115,5.5,"13640 km al SUROESTE de TIJUANA, BC",05/08/2024,19:03:01
,12/05/2024,05:39:12,14.3118,-92.637,11,6.3,"66 km al SUROESTE de CD HIDALGO, CHIS",12/05/2024,11:39:12
,21/04/2024,13:05:13,18.1563,-105.912,16,5.5,"186 km al SUROESTE de CIHUATLAN, JAL",21/04/2024,19:05:13
,18/04/2024,09:12:37,26.1677,-110.672,12,5.6,"69 km al ESTE de LORETO, BCS",18/04/2024,15:12:37
,07/12/2023,14:03:40,18.285,-98.753,49,5.7,"16 km al OESTE de CHIAUTLA DE TAPIA, PUE",07/12/2023,20:03:40
,06/10/2023,23:06:57,17.0463,-95.0868,110,6,"20 km al NORTE de MATIAS ROMERO, OAX",07/10/2023,05:06:57
,08/09/2023,10:37:13,19.266,-105.156,5,5.8,"62 km al OESTE de CIHUATLAN, JAL",08/09/2023,16:37:13
,08/09/2023,09:53:20,19.2232,-105.19,2,5.7,"66 km al OESTE de CIHUATLAN, JAL",08/09/2023,15:53:20
,09/08/2023,03:33:27,16.0873,-93.7827,103,5.8,"3 km al OESTE de TONALA, CHIS",09/08/2023,09:33:27
,18/07/2023,04:13:48,18.043,-105.817,15,5.6,"187 km al SUROESTE de CIHUATLAN, JAL",18/07/2023,10:13:48
,14/07/2023,03:29:01,14.8393,-94.1367,16,6.5,"137 km al SUROESTE de PIJIJIAPAN, CHIS",14/07/2023,09:29:01
,18/06/2023,14:30:22,23.2087,-108.512,5,6.4,"123 km al ESTE de SAN JOSE DEL CABO, BCS",18/06/2023,20:30:22
,03/04/2023,20:11:59,15.9868,-97.0653,33,5.5,"14 km al NORTE de PUERTO ESCONDIDO, OAX",04/04/2023,02:11:59
,01/03/2023,22:40:44,16.1793,-94.5252,88,5.8,"46 km al SURESTE de UNION HIDALGO, OAX",02/03/2023,04:40:44
,11/12/2022,08:31:32,17.1298,-100.627,24,6,"10 km al SUR de TECPAN, GRO",11/12/2022,14:31:32
,22/11/2022,10:39:05,30.6167,-116.393,10,6.2,"41 km al SUROESTE de VICENTE GUERRERO, BC",22/11/2022,16:39:05
,04/11/2022,04:02:48,28.1503,-112.333,10,6.3,"90 km al NORTE de SANTA ROSALIA, BCS",04/11/2022,10:02:48
,02/10/2022,14:00:23,23.8765,-108.814,16,5.8,"128 km al NORESTE de SAN JOSE DEL CABO, BCS",02/10/2022,19:00:23
,01/10/2022,11:36:52,14.975,-93.998,10,5.6,"116 km al SUROESTE de PIJIJIAPAN, CHIS",01/10/2022,16:36:52
,22/09/2022,01:16:08,18.0108,-103.155,8,6.9,"85 km al SUR de COALCOMAN, MICH",22/09/2022,06:16:08
,19/09/2022,13:05:09,18.2377,-103.269,12,7.7,"61 km al SUR de COALCOMAN, MICH",19/09/2022,18:05:09
,29/03/2022,11:13:02,15.019,-104.738,10,5.6,"421 km al SUROESTE de LA MIRA, MICH",29/03/2022,17:13:02
,05/03/2022,21:29:20,16.7528,-95.2457,98,5.6,"25 km al SUROESTE de MATIAS ROMERO, OAX",06/03/2022,03:29:20
,03/03/2022,08:40:33,18.0908,-95.5727,123,5.7,"8 km al NOROESTE de ISLA, VER",03/03/2022,14:40:33
,16/02/2022,01:12:23,13.837,-91.573,62,6.2,"112 km al SURESTE de CD HIDALGO, CHIS",16/02/2022,07:12:23
,22/12/2021,17:22:57,18.7157,-107.161,10,6,"279 km al OESTE de CIHUATLAN, JAL",22/12/2021,23:22:57
,13/12/2021,01:03:07,15.4428,-92.22,178,5.5,"9 km al NORESTE de MOTOZINTLA, CHIS",13/12/2021,07:03:07
,23/09/2021,11:47:53,23.0988,-107.986,10,5.6,"144 km al SUROESTE de LA CRUZ, SIN",23/09/2021,16:47:53
,07/09/2021,20:47:46,16.7553,-99.9533,15,7.1,"14 km al SUROESTE de ACAPULCO, GRO",08/09/2021,01:47:46
,31/07/2021,10:39:18,27.57,-111.425,10,5.5,"65 km al SUROESTE de H GUAYMAS, SON",31/07/2021,15:39:18
,03/07/2021,21:44:57,21.0463,-106.182,13,5.6,"108 km al NOROESTE de IXTAPA, JAL",04/07/2021,02:44:57
,19/03/2021,21:06:31,16.4755,-98.9322,10,5.7,"60 km al SURESTE de SAN MARCOS, GRO",20/03/2021,03:06:31
,15/01/2021,10:10:54,13.94,-92.3257,14,5.8,"84 km al SUR de CD HIDALGO, CHIS",15/01/2021,16:10:54
,11/10/2020,23:13:50,14.5732,-93.8413,4,5.5,"140 km al SUROESTE de MAPASTEPEC, CHIS",12/10/2020,04:13:50
,04/08/2020,14:17:54,13.3183,-92.2393,4,5.9,"151 km al SUR de CD HIDALGO, CHIS",04/08/2020,19:17:54
,23/07/2020,22:19:51,15.3645,-96.0543,15,5.7,"46 km al SUR de CRUCECITA, OAX",24/07/2020,03:19:51
,23/06/2020,21:33:21,15.7488,-96.5613,12,5.5,"10 km al OESTE de S PEDRO POCHUTLA, OAX",24/06/2020,02:33:21
,23/06/2020,10:29:03,15.8033,-96.1337,22,7.4,"4 km al NORTE de CRUCECITA, OAX",23/06/2020,15:29:03
,22/05/2020,03:46:06,22.348,-108.011,5,6.2,"191 km al SUROESTE de MAZATLAN, SIN",22/05/2020,08:46:06
,06/03/2020,21:52:02,31.6292,-114.327,8,5.6,"82 km al NORESTE de SAN FELIPE, BC",07/03/2020,03:52:02
,01/02/2020,21:32:44,13.6932,-93.1072,11,5.7,"150 km al SUROESTE de CD HIDALGO, CHIS",02/02/2020,03:32:44
,10/01/2020,09:21:21,18.3913,-105.428,17,5.5,"131 km al SUROESTE de CIHUATLAN, JAL",10/01/2020,15:21:21
,04/01/2020,22:40:49,16.2527,-94.6173,80,6,"33 km al SURESTE de UNION HIDALGO, OAX",05/01/2020,04:40:49
,23/12/2019,09:47:55,13.6873,-93.218,1,5.8,"159 km al SUROESTE de CD HIDALGO, CHIS",23/12/2019,15:47:55
,30/11/2019,01:44:22,13.762,-92.1601,33,5.8,"101 km al SUR de CD HIDALGO, CHIS",30/11/2019,07:44:22
,19/11/2019,22:27:06,13.7792,-93.3382,9,6.4,"162 km al SUROESTE de CD HIDALGO, CHIS",20/11/2019,04:27:06
,14/08/2019,16:35:18,20.4463,-109.265,15,5.8,"279 km al SUR de CABO SAN LUCAS, BCS",14/08/2019,21:35:18
,12/08/2019,15:39:35,15.9068,-93.8033,99,5.5,"21 km al SUR de TONALA, CHIS",12/08/2019,20:39:35
,22/06/2019,17:31:38,14.3878,-93.0508,11,5.6,"102 km al SUROESTE de CD HIDALGO, CHIS",22/06/2019,22:31:38
,31/05/2019,06:57:26,18.6877,-106.975,10,5.8,"261 km al OESTE de CIHUATLAN, JAL",31/05/2019,11:57:26
,22/04/2019,15:15:23,15.958,-98.6733,15,5.5,"79 km al SUROESTE de PINOTEPA NACIONAL, OAX",22/04/2019,20:15:23
,01/02/2019,10:14:12,14.5818,-92.4807,76,6.5,"37 km al SUROESTE de CD HIDALGO, CHIS",01/02/2019,16:14:12
,21/01/2019,05:57:19,15.4165,-94.9038,18,5.8,"90 km al SURESTE de SALINA CRUZ, OAX",21/01/2019,11:57:19
,19/07/2018,08:31:55,17.7213,-97.8123,55,5.9,"10 km al SUROESTE de H HUAJUAPAN DE LEON, OAX",19/07/2018,13:31:55
,29/06/2018,22:56:49,18.879,-105.271,15,5.9,"84 km al SUROESTE de CIHUATLAN, JAL",30/06/2018,03:56:49
,11/04/2018,02:30:38,15.5382,-95.0407,14,5.5,"73 km al SUR de SALINA CRUZ, OAX",11/04/2018,07:30:38
,19/02/2018,00:56:58,16.2477,-97.775,10,6,"31 km al SURESTE de PINOTEPA NACIONAL, OAX",19/02/2018,06:56:58
,16/02/2018,18:36:51,15.8438,-97.9887,24,5.9,"55 km al SUR de PINOTEPA NACIONAL, OAX",17/02/2018,00:36:51
,16/02/2018,17:39:39,16.218,-98.0135,16,7.2,"14 km al SURESTE de PINOTEPA NACIONAL, OAX",16/02/2018,23:39:39
,09/02/2018,08:05:48,18.9507,-104.809,3,5.9,"41 km al SUROESTE de CIHUATLAN, JAL",09/02/2018,14:05:48
,19/01/2018,10:17:45,26.6672,-111.079,16,6.3,"77 km al NORESTE de LORETO, BCS",19/01/2018,16:17:45
,03/11/2017,05:52:06,18.7108,-106.519,16,5.6,"214 km al SUROESTE de CIHUATLAN, JAL",03/11/2017,11:52:06
,13/10/2017,19:20:57,15.9478,-95.0472,57,5.5,"30 km al SURESTE de SALINA CRUZ, OAX",14/10/2017,00:20:57
,28/09/2017,23:00:20,14.6185,-94.3575,16,5.5,"171 km al SUROESTE de PIJIJIAPAN, CHIS",29/09/2017,04:00:20
,24/09/2017,05:06:08,15.0823,-94.3375,15,5.8,"127 km al SUROESTE de TONALA, CHIS",24/09/2017,10:06:08
,23/09/2017,07:53:01,16.496,-95.146,10,6.1,"9 km al SUROESTE de CD IXTEPEC, OAX",23/09/2017,12:53:01
,23/09/2017,05:38:05,15.2525,-94.586,35,5.8,"122 km al SURESTE de SALINA CRUZ, OAX",23/09/2017,10:38:05
,19/09/2017,13:14:39,18.3297,-98.6712,51,7.1,"8 km al NOROESTE de CHIAUTLA DE TAPIA, PUE",19/09/2017,18:14:39
,19/09/2017,02:53:10,14.7945,-94.4245,11,5.6,"160 km al SUROESTE de TONALA, CHIS",19/09/2017,07:53:10
,18/09/2017,09:19:14,15.2562,-94.7672,15,5.8,"112 km al SURESTE de SALINA CRUZ, OAX",18/09/2017,14:19:14
,12/09/2017,00:08:44,14.9748,-94.0125,24,5.5,"117 km al SUROESTE de PIJIJIAPAN, CHIS",12/09/2017,05:08:44
,11/09/2017,16:09:13,15.002,-94.058,16,5.6,"118 km al SUROESTE de PIJIJIAPAN, CHIS",11/09/2017,21:09:13
,09/09/2017,22:07:21,15.2322,-94.664,19,5.8,"120 km al SURESTE de SALINA CRUZ, OAX",10/09/2017,03:07:21
,08/09/2017,23:54:49,14.7448,-94.0787,23,5.6,"140 km al SUROESTE de PIJIJIAPAN, CHIS",09/09/2017,04:54:49
,07/09/2017,23:49:17,14.761,-94.103,45,8.2,"140 km al SUROESTE de PIJIJIAPAN, CHIS",08/09/2017,04:49:17
,14/06/2017,02:29:04,14.7282,-92.3167,107,6.9,"19 km al NOROESTE de CD HIDALGO, CHIS",14/06/2017,07:29:04
,14/06/2017,01:38:47,13.9842,-93.3278,10,5.6,"148 km al SUROESTE de CD HIDALGO, CHIS",14/06/2017,06:38:47
,10/06/2017,13:47:31,14.024,-93.2508,10,5.5,"139 km al SUROESTE de CD HIDALGO, CHIS",10/06/2017,18:47:31
,20/05/2017,12:58:47,17.0312,-94.2065,148,5.7,"64 km al NOROESTE de CINTALAPA, CHIS",20/05/2017,17:58:47
,20/05/2017,01:02:12,17.4888,-105.463,10,5.6,"211 km al SUROESTE de MANZANILLO, COL",20/05/2017,06:02:12
,29/03/2017,09:15:24,25.7805,-110.102,13,5.5,"94 km al OESTE de AHOME, SIN",29/03/2017,15:15:24
,23/10/2016,17:59:29,18.821,-104.742,13,5.6,"50 km al SUROESTE de CIHUATLAN, JAL",23/10/2016,22:59:29
,27/06/2016,15:50:31,16.208,-98.003,4,5.7,"16 km al SURESTE de PINOTEPA NACIONAL, OAX",27/06/2016,20:50:31
,07/06/2016,05:57:59,18.4083,-105.349,11,5.5,"124 km al SUROESTE de CIHUATLAN, JAL",07/06/2016,10:57:59
,07/06/2016,05:51:36,18.2838,-105.306,8,6.1,"131 km al SUROESTE de CIHUATLAN, JAL",07/06/2016,10:51:36
,01/06/2016,21:23:07,18.1385,-105.698,6,5.6,"171 km al SUROESTE de CIHUATLAN, JAL",02/06/2016,02:23:07
,08/05/2016,02:33:59,16.323,-97.8773,7,6,"19 km al ESTE de PINOTEPA NACIONAL, OAX",08/05/2016,07:33:59
,06/05/2016,19:18:35,18.3317,-105.4,5,5.6,"134 km al SUROESTE de CIHUATLAN, JAL",07/05/2016,00:18:35
,05/05/2016,17:27:07,18.7077,-106.873,5,5.5,"250 km al OESTE de CIHUATLAN, JAL",05/05/2016,22:27:07
,28/04/2016,20:33:39,10.271,-103.715,10,6.6,"837 km al SUROESTE de TECPAN, GRO",29/04/2016,01:33:39
,27/04/2016,07:51:18,14.2902,-93.3883,20,6,"137 km al SUROESTE de HUIXTLA, CHIS",27/04/2016,12:51:18
,25/04/2016,02:07:12,14.535,-93.2128,10,6,"104 km al SUROESTE de HUIXTLA, CHIS",25/04/2016,07:07:12
,15/04/2016,09:11:24,13.2542,-92.458,12,6.1,"161 km al SUR de CD HIDALGO, CHIS",15/04/2016,14:11:24
,10/04/2016,02:11:20,15.7297,-96.347,37,5.5,"13 km al ESTE de S PEDRO POCHUTLA, OAX",10/04/2016,07:11:20
,21/01/2016,12:06:58,18.8158,-106.977,10,6.5,"258 km al OESTE de CIHUATLAN, JAL",21/01/2016,18:06:58
,17/12/2015,13:49:54,15.7558,-93.7005,91,6.6,"37 km al SUR de TONALA, CHIS",17/12/2015,19:49:54
,23/11/2015,14:41:22,16.8895,-98.8985,25,5.6,"53 km al ESTE de SAN MARCOS, GRO",23/11/2015,20:41:22
,30/09/2015,12:25:54,17.8388,-101.523,49,5.5,"22 km al NORTE de ZIHUATANEJO, GRO",30/09/2015,17:25:54
,13/09/2015,03:14:09,25.0352,-109.533,8,6.6,"100 km al SUROESTE de LOS MOCHIS, SIN",13/09/2015,08:14:09
,13/09/2015,02:57:35,24.972,-109.429,10,5.6,"101 km al SUROESTE de LOS MOCHIS, SIN",13/09/2015,07:57:35
,08/09/2015,03:03:53,14.337,-94.1372,5,5.6,"179 km al SUROESTE de PIJIJIAPAN, CHIS",08/09/2015,08:03:53
,05/08/2015,04:13:24,16.0297,-93.9455,89,5.8,"21 km al SUROESTE de TONALA, CHIS",05/08/2015,09:13:24
,28/06/2015,10:54:41,16.5138,-94.896,88,5.6,"8 km al NOROESTE de UNION HIDALGO, OAX",28/06/2015,15:54:41
,09/05/2015,19:50:18,14.5853,-94.2418,10,5.5,"165 km al SUROESTE de PIJIJIAPAN, CHIS",10/05/2015,00:50:18
,28/04/2015,13:56:54,17.0213,-95.1868,112,5.6,"23 km al NOROESTE de MATIAS ROMERO, OAX",28/04/2015,18:56:54
,22/02/2015,08:23:13,18.643,-106.955,16,6.2,"260 km al SUROESTE de CIHUATLAN, JAL",22/02/2015,14:23:13
,12/02/2015,09:50:56,19.1608,-105.91,15,5.5,"142 km al OESTE de CIHUATLAN, JAL",12/02/2015,15:50:56
,20/01/2015,00:59:53,14.8515,-91.7653,161,5.5,"46 km al SURESTE de CACAHOATAN, CHIS",20/01/2015,06:59:53
,12/01/2015,01:57:27,15.3885,-93.4002,86,5.5,"39 km al SUROESTE de PIJIJIAPAN, CHIS",12/01/2015,07:57:27
,07/12/2014,15:16:35,13.6777,-91.4385,32,6.1,"135 km al SURESTE de CD HIDALGO, CHIS",07/12/2014,21:16:35
,11/10/2014,11:46:02,16.027,-95.6517,10,5.6,"52 km al SUROESTE de SALINA CRUZ, OAX",11/10/2014,16:46:02
,07/10/2014,21:40:49,23.6963,-108.755,10,6.1,"120 km al NORESTE de SAN JOSE DEL CABO, BCS",08/10/2014,02:40:49
,04/10/2014,14:16:36,17.4185,-94.822,145,5.6,"53 km al SURESTE de SAYULA DE ALEMAN, VER",04/10/2014,19:16:36
,08/09/2014,15:30:38,16.1178,-98.3397,8,5.5,"39 km al SUROESTE de PINOTEPA NACIONAL, OAX",08/09/2014,20:30:38
,06/09/2014,14:22:58,18.687,-106.952,10,5.9,"259 km al OESTE de CIHUATLAN, JAL",06/09/2014,19:22:58
,29/07/2014,05:46:15,17.6988,-95.6373,117,6.4,"38 km al SUROESTE de ISLA, VER",29/07/2014,10:46:15
,07/07/2014,06:23:59,14.6502,-92.5572,56,6.9,"43 km al SUROESTE de TAPACHULA, CHIS",07/07/2014,11:23:59
,31/05/2014,06:53:49,18.9967,-107.33,10,6.2,"283 km al SUROESTE de PUERTO VALLARTA, JAL",31/05/2014,11:53:49
,24/05/2014,03:24:46,16.2002,-98.4073,4,5.7,"41 km al SUROESTE de PINOTEPA NACIONAL, OAX",24/05/2014,08:24:46
,21/05/2014,05:06:15,17.1215,-95.0733,120,5.8,"28 km al NORTE de MATIAS ROMERO, OAX",21/05/2014,10:06:15
,10/05/2014,02:36:00,17.036,-100.893,10,6.1,"35 km al SUROESTE de TECPAN, GRO",10/05/2014,07:36:00
,08/05/2014,12:00:14,16.986,-100.916,10,6.5,"40 km al SUROESTE de TECPAN, GRO",08/05/2014,17:00:14
,18/04/2014,09:27:21,17.011,-101.46,18,7.2,"61 km al SUROESTE de PETATLAN, GRO",18/04/2014,14:27:21
,21/03/2014,18:58:12,30.3902,-114.084,17,5.6,"101 km al SURESTE de SAN FELIPE, BC",22/03/2014,00:58:12
,09/03/2014,18:37:57,15.8347,-98.477,4,5.8,"72 km al SUROESTE de PINOTEPA NACIONAL, OAX",10/03/2014,00:37:57
,02/03/2014,16:17:15,14.0745,-93.238,11,5.7,"135 km al SUROESTE de CD HIDALGO, CHIS",02/03/2014,22:17:15
,11/01/2014,07:10:50,14.4485,-92.2465,78,5.5,"27 km al SUROESTE de CD HIDALGO, CHIS",11/01/2014,13:10:50
,19/10/2013,12:54:55,26.0867,-110.461,14,6.3,"89 km al ESTE de LORETO, BCS",19/10/2013,17:54:55
,26/09/2013,01:46:01,13.9342,-93.6337,7,5.6,"180 km al SUROESTE de CD HIDALGO, CHIS",26/09/2013,06:46:01
,06/09/2013,19:13:28,14.3368,-92.2562,69,6,"39 km al SUROESTE de CD HIDALGO, CHIS",07/09/2013,00:13:28
,21/08/2013,07:38:29,16.7527,-99.5812,5,6,"21 km al OESTE de SAN MARCOS, GRO",21/08/2013,12:38:29
,06/08/2013,00:57:43,14.1845,-91.5988,61,5.7,"81 km al SURESTE de CD HIDALGO, CHIS",06/08/2013,05:57:43
,16/06/2013,00:19:02,18.113,-99.2283,55,5.8,"24 km al SURESTE de CD DE HUITZUCO, GRO",16/06/2013,05:19:02
,21/04/2013,20:16:34,17.8568,-102.28,40,5.9,"13 km al SUROESTE de CD LAZARO CARDENAS, MICH",22/04/2013,01:16:34
,26/03/2013,07:04:47,15.8608,-98.433,5,5.5,"67 km al SUROESTE de PINOTEPA NACIONAL, OAX",26/03/2013,13:04:47
,25/03/2013,17:02:13,14.383,-90.788,197,6.1,"150 km al ESTE de CD HIDALGO, CHIS",25/03/2013,23:02:13
,20/02/2013,15:23:09,18.5043,-103.989,3,5.6,"46 km al SUROESTE de TECOMAN, COL",20/02/2013,21:23:09
,13/01/2013,10:28:25,25.913,-110.32,15,5.5,"103 km al ESTE de LORETO, BCS",13/01/2013,16:28:25
,14/12/2012,04:36:04,31.1935,-119.415,15,6.4,"257 km al SUROESTE de PLAYAS DE ROSARITO, BC",14/12/2012,10:36:04
,15/11/2012,03:20:22,18.1832,-100.529,45,6.1,"24 km al SURESTE de CD ALTAMIRANO, GRO",15/11/2012,09:20:22
,11/11/2012,16:14:57,13.8108,-92.5032,6,6.2,"103 km al SUROESTE de CD HIDALGO, CHIS",11/11/2012,22:14:57
,07/11/2012,16:42:45,13.7858,-92.5287,5,5.5,"107 km al SUROESTE de CD HIDALGO, CHIS",07/11/2012,22:42:45
,07/11/2012,10:35:50,14.0272,-92.3155,17,7.3,"74 km al SUR de CD HIDALGO, CHIS",07/11/2012,16:35:50
,08/10/2012,01:26:21,25.155,-109.689,10,5.7,"99 km al SUROESTE de AHOME, SIN",08/10/2012,06:26:21
,29/09/2012,02:11:10,15.8823,-98.6685,16,5.5,"83 km al SUROESTE de PINOTEPA NACIONAL, OAX",29/09/2012,07:11:10
,25/09/2012,18:45:25,24.777,-110.234,11,6,"71 km al NORTE de LA PAZ, BCS",25/09/2012,23:45:25
,26/08/2012,15:57:59,33.087,-115.474,17,5.6,"47 km al NORTE de MEXICALI, BC",26/08/2012,20:57:59
,26/08/2012,14:31:22,33.2658,-115.495,16,5.5,"67 km al NORTE de MEXICALI, BC",26/08/2012,19:31:22
,08/08/2012,21:34:33,19.5848,-109.165,10,5.5,"374 km al SUR de CABO SAN LUCAS, BCS",09/08/2012,02:34:33
,29/07/2012,07:22:13,14.0647,-92.7543,16,5.7,"94 km al SUROESTE de CD HIDALGO, CHIS",29/07/2012,12:22:13
,01/05/2012,17:43:36,14.4265,-93.2253,12,6.1,"113 km al SUROESTE de HUIXTLA, CHIS",01/05/2012,22:43:36
,01/05/2012,11:37:58,18.2507,-101.085,51,5.6,"46 km al SUROESTE de CD ALTAMIRANO, GRO",01/05/2012,16:37:58
,12/04/2012,02:15:46,28.8278,-113.164,5,6.8,"130 km al NORESTE de GUERRERO NEGRO, BCS",12/04/2012,07:15:46
,12/04/2012,02:05:59,28.7955,-113.414,15,6,"112 km al NORESTE de GUERRERO NEGRO, BCS",12/04/2012,07:05:59
,11/04/2012,17:55:10,17.9217,-103.068,20,6.4,"79 km al OESTE de LA MIRA, MICH",11/04/2012,22:55:10
,02/04/2012,12:36:43,16.2948,-98.544,12,6,"45 km al SUROESTE de OMETEPEC, GRO",02/04/2012,17:36:43
,20/03/2012,12:02:48,16.264,-98.457,18,7.5,"46 km al SUR de OMETEPEC, GRO",20/03/2012,18:02:48
,21/01/2012,12:47:13,14.7043,-93.2882,16,6,"92 km al SUROESTE de MAPASTEPEC, CHIS",21/01/2012,18:47:13
,10/12/2011,19:47:25,17.84,-99.96,54,6.5,"50 km al NOROESTE de ZUMPANGO DEL RIO, GRO",11/12/2011,01:47:25
,01/11/2011,06:31:58,19.74,-109.31,15,6.2,"354 km al SUR de CABO SAN LUCAS, BCS",01/11/2011,12:31:58
,13/08/2011,02:33:07,14.42,-94.9,18,5.6,"197 km al SUR de SALINA CRUZ, OAX",13/08/2011,07:33:07
,26/07/2011,12:44:18,25.11,-109.64,13,5.9,"100 km al SUROESTE de LOS MOCHIS, SIN",26/07/2011,17:44:18
,05/05/2011,08:24:07,16.61,-98.91,12,5.5,"54 km al OESTE de OMETEPEC, GRO",05/05/2011,13:24:07
,26/04/2011,06:07:28,16.71,-99.68,8,5.5,"29 km al SURESTE de ACAPULCO, GRO",26/04/2011,11:07:28
,07/04/2011,08:11:22,17.22,-94.32,171,6.7,"80 km al SUROESTE de LAS CHOAPAS, VER",07/04/2011,13:11:22
,25/02/2011,07:07:28,17.69,-95.21,135,6,"34 km al SUROESTE de SAYULA DE ALEMAN, VER",25/02/2011,13:07:28
,21/01/2011,19:27:35,15.72,-104.15,10,5.5,"321 km al SUROESTE de LA MIRA, MICH",22/01/2011,01:27:35
,20/12/2010,11:21:42,13.36,-89.8,20,5.5,"293 km al SURESTE de CD HIDALGO, CHIS",20/12/2010,17:21:42
,21/10/2010,12:53:11,24.65,-109.41,8,6.5,"107 km al NORESTE de LA PAZ, BCS",21/10/2010,17:53:11
,20/10/2010,01:58:12,24.67,-109.13,6,5.8,"120 km al SUROESTE de GUASAVE, SIN",20/10/2010,06:58:12
,19/10/2010,23:15:31,25.09,-109.23,10,5.6,"81 km al SUROESTE de LOS MOCHIS, SIN",20/10/2010,04:15:31
,19/10/2010,23:09:42,24.73,-109.23,10,5.9,"120 km al SUROESTE de G LEYVA SOLANO(BENITO J), SI",20/10/2010,04:09:42
,14/09/2010,18:32:01,21.49,-105.93,16,5.5,"78 km al SUROESTE de V HIDALGO(EL NUEVO), NAY",14/09/2010,23:32:01
,23/08/2010,21:11:55,18.44,-107.27,14,6.1,"299 km al SUROESTE de CIHUATLAN, JAL",24/08/2010,02:11:55
,30/06/2010,02:22:27,16.24,-97.99,4,6,"13 km al SURESTE de PINOTEPA NACIONAL, OAX",30/06/2010,07:22:27
,14/06/2010,23:26:58,32.89,-115.92,19,5.7,"43 km al NOROESTE de SANTA ISABEL, BC",15/06/2010,04:26:58
,18/04/2010,08:30:58,14.21,-92.47,21,5.6,"62 km al SUROESTE de CD HIDALGO, CHIS",18/04/2010,13:30:58
,04/04/2010,17:40:42,32.47,-115.37,10,7.2,"23 km al SURESTE de MEXICALI, BC",04/04/2010,22:40:42
,23/02/2010,04:52:15,15.93,-91.11,25,5.5,"102 km al SURESTE de LAS MARGARITAS, CHIS",23/02/2010,10:52:15
,08/02/2010,18:47:40,15.89,-96.86,40,5.8,"22 km al ESTE de PUERTO ESCONDIDO, OAX",09/02/2010,00:47:40
,18/01/2010,09:40:32,13.85,-90.66,118,5.6,"185 km al SURESTE de CD HIDALGO, CHIS",18/01/2010,15:40:32
,30/12/2009,12:48:58,32.48,-115.24,8,5.7,"25 km al NOROESTE de GPE VICTORIA(KM.43), BC",30/12/2009,18:48:58
,29/10/2009,04:52:58,18.95,-95.69,20,5.5,"21 km al NORESTE de ALVARADO, VER",29/10/2009,10:52:58
,24/09/2009,02:16:24,18.77,-107.01,20,5.5,"263 km al OESTE de CIHUATLAN, JAL",24/09/2009,07:16:24
,18/09/2009,13:46:07,19.2,-108.53,10,5.6,"379 km al SUROESTE de PUERTO VALLARTA, JAL",18/09/2009,18:46:07
,05/08/2009,04:13:32,29.16,-112.17,23,5.5,"76 km al NOROESTE de M ALEMAN(LA DOCE), SON",05/08/2009,09:13:32
,03/08/2009,13:40:54,29.42,-113.5,10,5.8,"171 km al NORESTE de GUERRERO NEGRO, BCS",03/08/2009,18:40:54
,03/08/2009,12:59:56,28.85,-112.74,10,6.5,"123 km al OESTE de M ALEMAN(LA DOCE), SON",03/08/2009,17:59:56
,03/06/2009,16:37:37,19.72,-109.21,8,5.6,"358 km al SUR de CABO SAN LUCAS, BCS",03/06/2009,21:37:37
,22/05/2009,14:24:18,18.11,-98.46,62,5.7,"26 km al SURESTE de CHIAUTLA DE TAPIA, PUE",22/05/2009,19:24:18
,27/04/2009,11:46:27,16.88,-99.62,6,5.7,"26 km al NOROESTE de SAN MARCOS, GRO",27/04/2009,16:46:27
,05/01/2009,04:59:30,23.82,-108.94,19,5.5,"115 km al NORESTE de SAN JOSE DEL CABO, BCS",05/01/2009,10:59:30
,16/10/2008,14:41:25,14.05,-92.86,23,6.6,"103 km al SUROESTE de CD HIDALGO, CHIS",16/10/2008,19:41:25
,23/09/2008,21:33:04,17.64,-105.61,16,6.4,"208 km al SUROESTE de MANZANILLO, COL",24/09/2008,02:33:04
,14/04/2008,22:03:06,13.28,-91,20,5.7,"198 km al SURESTE de CD HIDALGO, CHIS",15/04/2008,03:03:06
,13/03/2008,17:01:17,14.16,-93.89,16,5.5,"178 km al SUROESTE de MAPASTEPEC, CHIS",13/03/2008,23:01:17
,12/02/2008,06:50:18,16.19,-94.56,96,6.5,"43 km al SURESTE de UNION HIDALGO, OAX",12/02/2008,12:50:18
,26/11/2007,15:56:12,18.65,-101.7,54,5.6,"59 km al SURESTE de NUEVA ITALIA, MICH",26/11/2007,21:56:12
,26/11/2007,11:41:40,15.28,-93.36,87,5.6,"48 km al SUROESTE de PIJIJIAPAN, CHIS",26/11/2007,17:41:40
,06/11/2007,00:35:40,16.93,-100.11,3,5.6,"9 km al SUROESTE de COYUCA DE BENITEZ, GRO",06/11/2007,06:35:40
,01/09/2007,14:14:20,24.91,-109.97,2,6.3,"92 km al NORESTE de LA PAZ, BCS",01/09/2007,19:14:20
,05/07/2007,20:09:21,16.32,-94.02,94,6.2,"16 km al NOROESTE de ARRIAGA , CHIS",06/07/2007,01:09:21
,13/04/2007,00:42:23,17.13,-100.38,34,5.6,"10 km al SURESTE de ATOYAC DE ALVAREZ, GRO",13/04/2007,05:42:23
,12/03/2007,20:58:58,26.45,-110.94,19,5.8,"63 km al NORESTE de LORETO, BCS",13/03/2007,02:58:58
,19/11/2006,00:59:03,18.33,-104.36,13,5.6,"79 km al SUROESTE de CD DE ARMERIA, COL",19/11/2006,06:59:03
,10/09/2006,09:56:09,26.25,-87.26,10,5.7,"555 km al NORTE de ISLA MUJERES, QR",10/09/2006,14:56:09
,27/06/2006,08:03:12,14.94,-94.57,32,5.6,"153 km al SURESTE de SALINA CRUZ, OAX",27/06/2006,13:03:12
,03/04/2006,21:30:27,18.88,-106.86,13,5.6,"245 km al OESTE de CIHUATLAN, JAL",04/04/2006,02:30:27
,04/01/2006,02:32:37,28.38,-112.51,15,6.6,"113 km al SUROESTE de M ALEMAN(LA DOCE), SON",04/01/2006,08:32:37
,13/08/2005,21:51:58,15.99,-98.4,15,5.8,"54 km al SUROESTE de PINOTEPA NACIONAL, OAX",14/08/2005,02:51:58
,27/06/2005,06:35:46,18.86,-107.26,20,5.9,"287 km al OESTE de CIHUATLAN, JAL",27/06/2005,11:35:46
,05/06/2005,03:28:50,23.67,-108.66,7,5.5,"127 km al NORESTE de SAN JOSE DEL CABO, BCS",05/06/2005,08:28:50
,08/05/2005,12:07:35,20.71,-109.36,20,5.9,"248 km al SUR de CABO SAN LUCAS, BCS",08/05/2005,17:07:35
,27/02/2005,19:05:59,18.76,-104.6,7,5.6,"44 km al SUROESTE de MANZANILLO, COL",28/02/2005,01:05:59
,20/11/2004,16:01:46,13.29,-90.24,58,6,"257 km al SURESTE de CD HIDALGO, CHIS",20/11/2004,22:01:46
,24/09/2004,09:43:18,28.44,-112.81,35,5.6,"133 km al NOROESTE de SANTA ROSALIA, BCS",24/09/2004,14:43:18
,18/08/2004,04:03:10,16.24,-95.15,51,5.7,"8 km al NORESTE de SALINA CRUZ, OAX",18/08/2004,09:03:10
,07/08/2004,06:49:12,17.05,-95.43,110,5.9,"46 km al NOROESTE de MATIAS ROMERO, OAX",07/08/2004,11:49:12
,14/06/2004,17:54:21,16.22,-98.16,10,6.4,"18 km al SUROESTE de PINOTEPA NACIONAL, OAX",14/06/2004,22:54:21
,25/02/2004,12:22:19,13.47,-92.66,10,5.6,"144 km al SUROESTE de CD HIDALGO, CHIS",25/02/2004,18:22:19
,18/02/2004,04:59:20,24.02,-108.83,16,5.7,"139 km al NORESTE de SAN JOSE DEL CABO, BCS",18/02/2004,10:59:20
,13/01/2004,15:28:58,15.99,-97.15,16,5.7,"17 km al NOROESTE de PUERTO ESCONDIDO, OAX",13/01/2004,21:28:58
,01/01/2004,17:58:02,17.3,-101.36,14,5.8,"28 km al SUROESTE de PETATLAN, GRO",01/01/2004,23:58:02
,01/01/2004,17:31:49,17.34,-101.42,6,6.3,"27 km al SUROESTE de PETATLAN, GRO",01/01/2004,23:31:49
,11/11/2003,22:54:59,29.41,-113.61,16,5.9,"167 km al NORESTE de GUERRERO NEGRO, BCS",12/11/2003,04:54:59
,25/08/2003,18:25:03,18.73,-106.69,16,5.5,"231 km al OESTE de CIHUATLAN, JAL",25/08/2003,23:25:03
,25/08/2003,01:28:32,14.08,-91.3,193,5.5,"113 km al SURESTE de CD HIDALGO, CHIS",25/08/2003,06:28:32
,19/05/2003,11:27:11,17.72,-105.7,10,6.2,"206 km al SUROESTE de CIHUATLAN, JAL",19/05/2003,16:27:11
,12/03/2003,17:41:42,26.51,-110.04,12,6.5,"53 km al SUROESTE de HUATABAMPO, SON",12/03/2003,23:41:42
,16/02/2003,22:41:57,18.81,-105.14,16,5.5,"77 km al SUROESTE de CIHUATLAN, JAL",17/02/2003,04:41:57
,05/02/2003,13:01:11,13.42,-91.27,39,5.5,"169 km al SURESTE de CD HIDALGO, CHIS",05/02/2003,19:01:11
,01/02/2003,10:30:59,16.51,-93.23,216,5.8,"20 km al SUROESTE de SUCHIAPA, CHIS",01/02/2003,16:30:59
,22/01/2003,13:41:42,18.74,-104.55,16,5.8,"42 km al SUROESTE de MANZANILLO, COL",22/01/2003,19:41:42
,21/01/2003,20:06:34,18.6,-104.22,9,7.6,"46 km al SUROESTE de CD DE ARMERIA, COL",22/01/2003,02:06:34
,20/01/2003,20:46:54,13.36,-91.64,17,6.8,"156 km al SURESTE de CD HIDALGO, CHIS",21/01/2003,02:46:54
,09/12/2002,21:09:35,17.41,-101.26,29,5.5,"14 km al SUR de PETATLAN, GRO",10/12/2002,03:09:35
,08/11/2002,18:14:27,13.88,-91.89,30,5.8,"93 km al SURESTE de CD HIDALGO, CHIS",09/11/2002,00:14:27
,11/10/2002,09:41:23,15.37,-96.04,8,5.8,"45 km al SUR de CRUCECITA, OAX",11/10/2002,14:41:23
,03/10/2002,11:08:28,23.22,-108.73,35,6.2,"102 km al ESTE de SAN JOSE DEL CABO, BCS",03/10/2002,16:08:28
,19/06/2002,16:50:08,16.24,-98.09,8,5.5,"12 km al SUROESTE de PINOTEPA NACIONAL, OAX",19/06/2002,21:50:08
,07/06/2002,12:00:52,15.91,-96.97,23,5.6,"12 km al NORESTE de PUERTO ESCONDIDO, OAX",07/06/2002,17:00:52
,18/04/2002,13:00:38,16.84,-101.62,16,5.5,"85 km al SUROESTE de PETATLAN, GRO",18/04/2002,18:00:38
,18/04/2002,12:57:19,16.66,-101.89,12,6,"115 km al SUROESTE de ZIHUATANEJO, GRO",18/04/2002,17:57:19
,18/04/2002,00:02:45,16.77,-101.12,22,6.5,"72 km al SUROESTE de TECPAN, GRO",18/04/2002,05:02:45
,22/02/2002,13:32:44,32.2,-115.14,5,5.5,"10 km al SUROESTE de GPE VICTORIA(KM.43), BC",22/02/2002,19:32:44
,14/02/2002,17:23:14,14.78,-92.8,74,5.8,"54 km al SUROESTE de HUIXTLA, CHIS",14/02/2002,23:23:14
,30/01/2002,02:42:04,18.1,-95.97,109,5.6,"9 km al OESTE de LOMA BONITA, OAX",30/01/2002,08:42:04
,16/01/2002,17:09:55,15.43,-93.55,76,6.7,"46 km al SUROESTE de PIJIJIAPAN, CHIS",16/01/2002,23:09:55
,08/12/2001,17:36:10,32.04,-114.91,10,5.7,"33 km al SURESTE de GPE VICTORIA(KM.43), BC",08/12/2001,23:36:10
,28/11/2001,08:32:36,15.41,-93.64,36,6.4,"55 km al SUROESTE de PIJIJIAPAN, CHIS",28/11/2001,14:32:36
,13/11/2001,03:47:34,22.31,-107.12,16,5.8,"125 km al SUROESTE de MAZATLAN, SIN",13/11/2001,09:47:34
,10/11/2001,11:09:13,15.96,-98.17,9,5.9,"44 km al SUROESTE de PINOTEPA NACIONAL, OAX",10/11/2001,17:09:13
,07/10/2001,21:39:19,16.94,-100.14,4,6.1,"9 km al SUROESTE de COYUCA DE BENITEZ, GRO",08/10/2001,03:39:19
,28/08/2001,13:17:37,15.96,-94.14,43,5.5,"40 km al SUROESTE de ARRIAGA , CHIS",28/08/2001,18:17:37
,29/05/2001,13:47:56,19.34,-108.96,38,5.5,"405 km al SUR de CABO SAN LUCAS, BCS",29/05/2001,18:47:56
,19/05/2001,23:21:37,18.64,-105.12,12,6.5,"88 km al SUROESTE de CIHUATLAN, JAL",20/05/2001,04:21:37
,29/04/2001,15:26:56,18.51,-104.71,10,6.2,"73 km al SUROESTE de MANZANILLO, COL",29/04/2001,21:26:56
,18/01/2001,19:12:53,15.1,-93.03,108,6.3,"41 km al SUROESTE de MAPASTEPEC, CHIS",19/01/2001,01:12:53
,08/01/2001,19:46:14,15.34,-93.24,66,6.1,"38 km al SUR de PIJIJIAPAN, CHIS",09/01/2001,01:46:14
,08/12/2000,10:56:13,22.83,-108.35,15,5.5,"142 km al ESTE de SAN JOSE DEL CABO, BCS",08/12/2000,16:56:13
,03/12/2000,22:42:11,14.27,-94.09,7,6,"183 km al SUROESTE de MAPASTEPEC, CHIS",04/12/2000,04:42:11
,17/10/2000,15:00:41,15.38,-92.51,168,5.8,"27 km al NORTE de HUIXTLA, CHIS",17/10/2000,20:00:41
,09/08/2000,06:41:47,17.99,-102.66,16,7,"35 km al OESTE de LA MIRA, MICH",09/08/2000,11:41:47
,21/07/2000,01:13:39,18.09,-98.97,48,6,"45 km al SUROESTE de CHIAUTLA DE TAPIA, PUE",21/07/2000,06:13:39
,12/03/2000,16:21:32,14.59,-92.97,35,5.9,"81 km al SUROESTE de HUIXTLA, CHIS",12/03/2000,22:21:32
,21/02/2000,10:29:40,18.76,-107.05,13,5.6,"267 km al OESTE de CIHUATLAN, JAL",21/02/2000,16:29:40
,28/12/1999,23:19:46,18.02,-101.68,82,6.1,"44 km al NOROESTE de ZIHUATANEJO, GRO",29/12/1999,05:19:46
,12/12/1999,11:57:31,14.54,-91.61,136,6,"60 km al ESTE de CD HIDALGO, CHIS",12/12/1999,17:57:31
,21/11/1999,00:45:45,20.36,-109.71,10,5.6,"281 km al SUR de CABO SAN LUCAS, BCS",21/11/1999,06:45:45
,30/09/1999,11:31:13,16.056,-97.004,39,7.4,"22 km al NORESTE de PUERTO ESCONDIDO, OAX",30/09/1999,16:31:13
,21/06/1999,12:43:05,17.99,-101.72,54,6.2,"42 km al NOROESTE de ZIHUATANEJO, GRO",21/06/1999,17:43:05
,15/06/1999,15:42:04,18.133,-97.539,63,7,"29 km al SUROESTE de S GABRIEL CHILAC, PUE",15/06/1999,20:42:04
,08/05/1999,17:12:41,13.59,-92.14,50,6.4,"120 km al SUR de CD HIDALGO, CHIS",08/05/1999,22:12:41
,05/05/1999,17:41:31,14.56,-94.78,16,5.8,"185 km al SUR de SALINA CRUZ, OAX",05/05/1999,22:41:31
,05/11/1998,08:47:04,23.36,-109,36,5.5,"80 km al NORESTE de SAN JOSE DEL CABO, BCS",05/11/1998,14:47:04
,07/07/1998,15:01:35,23.9,-108.47,16,5.6,"121 km al SUROESTE de ELDORADO, SIN",07/07/1998,20:01:35
,07/06/1998,18:20:16,15.82,-94.07,16,6.2,"45 km al SUROESTE de TONALA, CHIS",07/06/1998,23:20:16
,10/05/1998,01:06:00,13.78,-90.83,15,6.4,"174 km al SURESTE de CD HIDALGO, CHIS",10/05/1998,06:06:00
,09/05/1998,06:42:25,14.35,-91.38,40,5.5,"91 km al SURESTE de CD HIDALGO, CHIS",09/05/1998,11:42:25
,20/04/1998,17:59:17,18.37,-101.21,66,5.9,"44 km al SUROESTE de HUETAMO, MICH",20/04/1998,22:59:17
,12/03/1998,23:24:35,13.55,-93.37,36,5.5,"181 km al SUROESTE de CD HIDALGO, CHIS",13/03/1998,05:24:35
,02/03/1998,20:24:42,13.73,-91.93,16,6.7,"108 km al SUR de CD HIDALGO, CHIS",03/03/1998,02:24:42
,02/02/1998,21:02:01,15.69,-96.37,33,6.4,"12 km al SURESTE de S PEDRO POCHUTLA, OAX",03/02/1998,03:02:01
,10/01/1998,02:20:06,14.37,-91.93,55,6.6,"42 km al SURESTE de CD HIDALGO, CHIS",10/01/1998,08:20:06
,25/12/1997,16:16:15,13.32,-92.37,70,5.8,"152 km al SUR de CD HIDALGO, CHIS",25/12/1997,22:16:15
,22/12/1997,04:03:53,13.99,-90.85,81,6.1,"160 km al SURESTE de CD HIDALGO, CHIS",22/12/1997,10:03:53
,21/12/1997,23:22:07,17.14,-101.24,5,5.5,"44 km al SUR de PETATLAN, GRO",22/12/1997,05:22:07
,18/12/1997,09:02:13,14.67,-89.74,152,6.1,"260 km al ESTE de CD HIDALGO, CHIS",18/12/1997,15:02:13
,16/12/1997,05:48:29,15.7,-99.04,16,6,"127 km al SURESTE de SAN MARCOS, GRO",16/12/1997,11:48:29
,04/12/1997,08:56:49,13.88,-91.54,12,5.6,"110 km al SURESTE de CD HIDALGO, CHIS",04/12/1997,14:56:49
,26/11/1997,09:38:54,29.7,-113.88,10,5.5,"173 km al SURESTE de SAN FELIPE, BC",26/11/1997,15:38:54
,28/07/1997,05:09:02,25.6,-109.36,20,5.6,"40 km al SUROESTE de AHOME, SIN",28/07/1997,10:09:02
,19/07/1997,09:22:09,15.86,-98.26,15,6.7,"58 km al SUROESTE de PINOTEPA NACIONAL, OAX",19/07/1997,14:22:09
,22/05/1997,02:50:55,18.41,-101.81,59,6,"61 km al NORESTE de LAS GUACAMAYAS, MICH",22/05/1997,07:50:55
,01/05/1997,06:37:36,18.96,-107.15,15,6.9,"272 km al SUROESTE de PUERTO VALLARTA, JAL",01/05/1997,11:37:36
,21/01/1997,15:19:58,16.44,-98.15,18,5.6,"15 km al NOROESTE de PINOTEPA NACIONAL, OAX",21/01/1997,21:19:58
,16/01/1997,15:41:10,17.94,-102.76,25,5.6,"47 km al OESTE de LA MIRA, MICH",16/01/1997,21:41:10
,11/01/1997,14:28:26,18.34,-102.58,40,7.1,"43 km al NOROESTE de LA MIRA, MICH",11/01/1997,20:28:26
,31/12/1996,06:41:44,15.61,-93.61,5,5.6,"44 km al OESTE de PIJIJIAPAN, CHIS",31/12/1996,12:41:44
,15/07/1996,16:23:34,17.5,-101.12,22,6.6,"17 km al ESTE de PETATLAN, GRO",15/07/1996,21:23:34
,23/04/1996,01:53:35,17.11,-101.6,17,5.6,"59 km al SUROESTE de PETATLAN, GRO",23/04/1996,06:53:35
,27/03/1996,06:34:48,16.21,-98.25,7,5.5,"26 km al SUROESTE de PINOTEPA NACIONAL, OAX",27/03/1996,12:34:48
,19/03/1996,11:12:39,15.49,-97.55,15,6,"59 km al SUR de RIO GRANDE, OAX",19/03/1996,17:12:39
,25/02/1996,19:37:32,15.77,-97.92,14,5.7,"58 km al SUROESTE de RIO GRANDE, OAX",26/02/1996,01:37:32
,25/02/1996,03:17:57,15.86,-98.13,17,5.6,"54 km al SUR de PINOTEPA NACIONAL, OAX",25/02/1996,09:17:57
,24/02/1996,21:08:19,15.88,-97.98,15,7.1,"52 km al SUR de PINOTEPA NACIONAL, OAX",25/02/1996,03:08:19
,11/12/1995,13:44:10,18.73,-105.74,21,6,"136 km al SUROESTE de CIHUATLAN, JAL",11/12/1995,19:44:10
,11/12/1995,13:11:42,18.94,-105.64,72,5.7,"118 km al SUROESTE de CIHUATLAN, JAL",11/12/1995,19:11:42
,11/12/1995,08:09:24,18.96,-105.63,16,6.2,"116 km al SUROESTE de CIHUATLAN, JAL",11/12/1995,14:09:24
,20/10/1995,20:38:58,16.811,-93.474,160,7.1,"12 km al NOROESTE de OCOZOCOAUTLA, CHIS",21/10/1995,02:38:58
,12/10/1995,10:53:04,19.04,-103.7,11,6.1,"21 km al SURESTE de COQUIMATLAN, COL",12/10/1995,16:53:04
,09/10/1995,09:35:54,18.993,-104.245,25,8,"10 km al SURESTE de MANZANILLO, COL",09/10/1995,15:35:54
,14/09/1995,08:04:33,16.752,-98.667,21,7.3,"29 km al NOROESTE de OMETEPEC, GRO",14/09/1995,14:04:33
,08/09/1995,11:25:49,14.71,-94.35,15,5.5,"163 km al SUROESTE de PIJIJIAPAN, CHIS",08/09/1995,17:25:49
,06/09/1995,16:48:55,15,-94.23,20,5.8,"130 km al SUROESTE de TONALA, CHIS",06/09/1995,22:48:55
,28/08/1995,04:46:12,26.16,-110.35,10,6.5,"101 km al ESTE de LORETO, BCS",28/08/1995,10:46:12
,30/06/1995,07:41:42,24.38,-110.25,10,5.8,"27 km al NORTE de LA PAZ, BCS",30/06/1995,13:41:42
,30/06/1995,05:58:56,24.62,-110.26,10,6.3,"53 km al NORTE de LA PAZ, BCS",30/06/1995,11:58:56
,14/06/1995,05:11:50,12.167,-88.372,27,6.5,"494 km al SURESTE de CD HIDALGO, CHIS",14/06/1995,11:11:50
,10/12/1994,10:17:40,17.98,-101.52,53,6.6,"37 km al NORTE de ZIHUATANEJO, GRO",10/12/1994,16:17:40
,28/10/1994,03:11:32,15.42,-102.9,5,5.6,"285 km al SUROESTE de ZIHUATANEJO, GRO",28/10/1994,09:11:32
,04/07/1994,15:36:43,14.83,-97.31,19,6.1,"117 km al SUR de PUERTO ESCONDIDO, OAX",04/07/1994,21:36:43
,22/05/1994,19:41:44,17.97,-100.67,20,5.8,"43 km al SUR de CD ALTAMIRANO, GRO",23/05/1994,01:41:44
,10/04/1994,11:36:59,14.59,-92.43,5,5.5,"32 km al SUROESTE de CD HIDALGO, CHIS",10/04/1994,17:36:59
,14/03/1994,14:51:26,15.984,-92.432,160,6.8,"42 km al SURESTE de VENUSTIANO CARRANZA, CHIS",14/03/1994,20:51:26
,18/11/1993,20:25:06,13.86,-94.14,60,5.5,"220 km al SUROESTE de MAPASTEPEC, CHIS",19/11/1993,02:25:06
,12/11/1993,18:16:44,15.63,-99.02,15,5.8,"130 km al SUROESTE de PINOTEPA NACIONAL, OAX",13/11/1993,00:16:44
,24/10/1993,01:52:19,16.767,-98.767,30,6.6,"40 km al OESTE de OMETEPEC, GRO",24/10/1993,07:52:19
,30/09/1993,12:27:49,14.78,-95.01,13,6.4,"156 km al SUR de SALINA CRUZ, OAX",30/09/1993,18:27:49
,19/09/1993,08:10:56,13.99,-93.43,5,6.3,"157 km al SUROESTE de CD HIDALGO, CHIS",19/09/1993,14:10:56
,11/09/1993,13:29:48,14.3,-92.68,22,5.5,"71 km al SUROESTE de CD HIDALGO, CHIS",11/09/1993,19:29:48
,10/09/1993,13:12:57,14.8,-92.687,34,7.2,"44 km al SUROESTE de HUIXTLA, CHIS",10/09/1993,19:12:57
,10/09/1993,12:58:52,13.8,-92.89,17,5.7,"126 km al SUROESTE de CD HIDALGO, CHIS",10/09/1993,18:58:52
,10/09/1993,11:28:03,13.73,-92.92,16,5.5,"134 km al SUROESTE de CD HIDALGO, CHIS",10/09/1993,17:28:03
,03/09/1993,06:35:05,14.643,-92.804,47,6.7,"65 km al SUROESTE de TAPACHULA, CHIS",03/09/1993,12:35:05
,14/05/1993,21:11:56,16.47,-98.72,15,6,"41 km al SUROESTE de OMETEPEC, GRO",15/05/1993,03:11:56
,14/05/1993,21:09:39,16.43,-98.74,20,5.8,"45 km al SUROESTE de OMETEPEC, GRO",15/05/1993,03:09:39
,05/03/1993,02:20:55,28.71,-113.11,10,5.8,"125 km al NORESTE de GUERRERO NEGRO, BCS",05/03/1993,08:20:55
,30/05/1992,10:29:59,14.04,-93.05,19,5.5,"120 km al SUROESTE de CD HIDALGO, CHIS",30/05/1992,16:29:59
,21/02/1992,16:09:52,13.91,-92.28,37,5.6,"86 km al SUR de CD HIDALGO, CHIS",21/02/1992,22:09:52
,11/11/1991,11:45:53,17.55,-105.76,5,5.7,"225 km al SUROESTE de CIHUATLAN, JAL",11/11/1991,17:45:53
,27/06/1991,13:42:41,24.41,-108.23,10,5.6,"66 km al SUROESTE de NAVOLATO, SIN",27/06/1991,19:42:41
,21/06/1991,18:30:26,23.99,-108.49,10,6.1,"117 km al SUROESTE de NAVOLATO, SIN",22/06/1991,00:30:26
,01/04/1991,01:34:45,16.05,-98.38,5,5.5,"48 km al SUROESTE de PINOTEPA NACIONAL, OAX",01/04/1991,07:34:45
,31/03/1991,23:03:58,22.31,-107.04,10,5.5,"121 km al SUROESTE de MAZATLAN, SIN",01/04/1991,05:03:58
,14/02/1991,10:37:22,29.72,-113.82,10,5.5,"175 km al SURESTE de SAN FELIPE, BC",14/02/1991,16:37:22
,31/12/1990,21:19:36,18.14,-105.95,12,5.5,"190 km al SUROESTE de CIHUATLAN, JAL",01/01/1991,03:19:36
,31/12/1990,18:06:36,18.54,-105.77,10,6.2,"149 km al SUROESTE de CIHUATLAN, JAL",01/01/1991,00:06:36
,30/12/1990,15:30:32,18.95,-107.02,34,5.9,"260 km al OESTE de CIHUATLAN, JAL",30/12/1990,21:30:32
,31/05/1990,01:35:30,17.14,-100.86,27,5.8,"26 km al SUROESTE de TECPAN, GRO",31/05/1990,07:35:30
,16/03/1990,09:52:44,24.93,-109.1,20,6.1,"94 km al SUROESTE de G LEYVA SOLANO(BENITO J), SI",16/03/1990,15:52:44
,05/01/1990,12:26:56,18.71,-107.03,10,5.8,"266 km al OESTE de CIHUATLAN, JAL",05/01/1990,18:26:56
,16/09/1989,17:20:56,16.21,-94.01,93,5.9,"12 km al OESTE de ARRIAGA , CHIS",16/09/1989,23:20:56
,05/09/1989,00:28:09,13.92,-93.87,10,5.6,"198 km al SUROESTE de MAPASTEPEC, CHIS",05/09/1989,06:28:09
,28/08/1989,22:16:26,18.016,-105.674,27,6.5,"179 km al SUROESTE de CIHUATLAN, JAL",29/08/1989,04:16:26
,12/08/1989,09:31:50,18.12,-101.03,15,5.5,"47 km al SUROESTE de CD ALTAMIRANO, GRO",12/08/1989,15:31:50
,27/04/1989,20:34:38,18.19,-104.4,6,5.5,"94 km al SUROESTE de CD DE ARMERIA, COL",28/04/1989,02:34:38
,25/04/1989,08:29:03,16.795,-99.275,23,6.8,"12 km al ESTE de SAN MARCOS, GRO",25/04/1989,14:29:03
,19/04/1989,09:00:34,18.05,-105.35,20,5.6,"155 km al SUROESTE de CIHUATLAN, JAL",19/04/1989,15:00:34
,19/04/1989,08:49:00,17.9,-105.23,20,5.7,"160 km al SUROESTE de MANZANILLO, COL",19/04/1989,14:49:00
,03/11/1988,08:47:13,13.913,-90.557,74,6.6,"192 km al SURESTE de CD HIDALGO, CHIS",03/11/1988,14:47:13
,03/08/1988,11:50:43,18.6,-106.38,20,5.7,"204 km al SUROESTE de CIHUATLAN, JAL",03/08/1988,17:50:43
,03/08/1988,11:30:11,18.73,-106.62,16,5.9,"224 km al OESTE de CIHUATLAN, JAL",03/08/1988,17:30:11
,18/06/1988,16:49:44,26.813,-110.988,12,6.6,"95 km al NORESTE de LORETO, BCS",18/06/1988,22:49:44
,08/02/1988,07:51:31,17.4,-101.22,10,5.5,"16 km al SURESTE de PETATLAN, GRO",08/02/1988,13:51:31
,24/11/1987,07:15:59,33.083,-115.983,10,6.5,"63 km al NOROESTE de SANTA ISABEL, BC",24/11/1987,13:15:59
,14/11/1987,16:23:01,19.68,-108.99,52,5.9,"368 km al SUR de CABO SAN LUCAS, BCS",14/11/1987,22:23:01
,14/11/1987,16:16:09,19.76,-108.96,50,5.5,"360 km al SURESTE de CABO SAN LUCAS, BCS",14/11/1987,22:16:09
,15/07/1987,01:16:13,17.39,-97.26,68,6,"46 km al NORESTE de H TLAXIACO, OAX",15/07/1987,07:16:13
,06/02/1987,21:45:13,32.39,-115.39,5,5.5,"29 km al NOROESTE de GPE VICTORIA(KM.43), BC",07/02/1987,03:45:13
,02/02/1987,13:22:05,16.37,-98.56,33,5.5,"38 km al SUROESTE de OMETEPEC, GRO",02/02/1987,19:22:05
,04/11/1986,14:38:46,15.94,-97.66,33,5.5,"25 km al SUROESTE de RIO GRANDE, OAX",04/11/1986,20:38:46
,03/11/1986,08:13:28,13.08,-90.35,33,5.8,"263 km al SURESTE de CD HIDALGO, CHIS",03/11/1986,14:13:28
,25/09/1986,00:15:47,22.88,-108.83,5,5.7,"92 km al ESTE de SAN JOSE DEL CABO, BCS",25/09/1986,06:15:47
,13/07/1986,03:12:15,16.08,-94.2,90,6,"36 km al SUROESTE de ARRIAGA , CHIS",13/07/1986,09:12:15
,11/06/1986,17:14:34,15.14,-93.51,33,5.8,"69 km al SUROESTE de PIJIJIAPAN, CHIS",11/06/1986,23:14:34
,30/04/1986,01:07:19,18.361,-103.045,22,7,"48 km al SUR de COALCOMAN, MICH",30/04/1986,07:07:19
,07/04/1986,16:43:34,15.91,-94.5,25,5.8,"72 km al SURESTE de UNION HIDALGO, OAX",07/04/1986,22:43:34
,24/03/1986,13:43:23,18.01,-113.44,9,5.7,"653 km al SUROESTE de CABO SAN LUCAS, BCS",24/03/1986,19:43:23
,24/03/1986,04:34:02,14.31,-91.66,33,6.5,"67 km al SURESTE de CD HIDALGO, CHIS",24/03/1986,10:34:02
,07/02/1986,15:26:46,17.4,-102.03,33,5.7,"58 km al SUROESTE de ZIHUATANEJO, GRO",07/02/1986,21:26:46
,29/10/1985,09:02:25,17.79,-102.58,16,5.6,"38 km al SUROESTE de LA MIRA, MICH",29/10/1985,15:02:25
,20/09/1985,19:37:14,17.828,-101.681,17,7.6,"25 km al NOROESTE de ZIHUATANEJO, GRO",21/09/1985,01:37:14
,19/09/1985,07:17:49,18.419,-102.468,15,8.1,"45 km al NOROESTE de LA MIRA, MICH",19/09/1985,13:17:49
,15/09/1985,01:57:53,17.75,-97.28,56,5.9,"16 km al SURESTE de TEPELMEME, OAX",15/09/1985,07:57:53
,12/06/1985,05:03:08,15.98,-94.18,33,5.6,"41 km al SUROESTE de ARRIAGA , CHIS",12/06/1985,11:03:08
,19/12/1984,02:49:59,15.59,-94.26,60,5.6,"77 km al SUROESTE de TONALA, CHIS",19/12/1984,08:49:59
,02/12/1984,00:09:44,20.36,-115.76,9,6.2,"666 km al SUROESTE de CD CONSTITUCION, BCS",02/12/1984,06:09:44
,05/10/1984,03:48:44,20.1,-116.01,9,5.5,"702 km al SUROESTE de CABO SAN LUCAS, BCS",05/10/1984,09:48:44
,01/07/1984,22:50:32,15.84,-99.03,33,6,"112 km al SURESTE de SAN MARCOS, GRO",02/07/1984,04:50:32
,17/02/1984,14:33:41,20.5,-109.23,9,5.5,"274 km al SUR de CABO SAN LUCAS, BCS",17/02/1984,20:33:41
,10/02/1984,10:51:21,28.33,-112.08,9,6.2,"82 km al SUROESTE de M ALEMAN(LA DOCE), SON",10/02/1984,16:51:21
,13/12/1983,00:37:06,14.82,-93.41,15,5.5,"88 km al SUROESTE de MAPASTEPEC, CHIS",13/12/1983,06:37:06
,08/12/1983,04:21:58,18.3,-102.42,67,5.5,"31 km al NOROESTE de LA MIRA, MICH",08/12/1983,10:21:58
,01/12/1983,21:09:04,14.032,-91.956,35,7,"75 km al SURESTE de CD HIDALGO, CHIS",02/12/1983,03:09:04
,15/09/1983,04:39:02,15.97,-93.44,122,5.7,"35 km al SUROESTE de VILLAFLORES, CHIS",15/09/1983,10:39:02
,05/08/1983,20:26:49,16,-94.09,61,5.6,"33 km al SUROESTE de ARRIAGA , CHIS",06/08/1983,02:26:49
,11/07/1983,21:39:27,23.89,-108.36,9,5.5,"112 km al SUROESTE de ELDORADO, SIN",12/07/1983,03:39:27
,27/05/1983,00:26:31,16.14,-100.61,33,5.5,"111 km al SUROESTE de COYUCA DE BENITEZ, GRO",27/05/1983,06:26:31
,13/05/1983,23:52:42,15.52,-93.94,33,5.5,"66 km al SUROESTE de TONALA, CHIS",14/05/1983,05:52:42
,09/05/1983,14:09:15,19.98,-109.45,9,6.2,"326 km al SUR de CABO SAN LUCAS, BCS",09/05/1983,20:09:15
,08/05/1983,09:05:08,20,-109.34,9,5.8,"325 km al SUR de CABO SAN LUCAS, BCS",08/05/1983,15:05:08
,07/05/1983,01:00:02,15.87,-95.44,25,5.5,"43 km al SUROESTE de SALINA CRUZ, OAX",07/05/1983,07:00:02
,14/04/1983,07:31:14,15.04,-96.86,15,5.7,"89 km al SUROESTE de S PEDRO POCHUTLA, OAX",14/04/1983,13:31:14
,14/04/1983,01:19:28,14.01,-91.72,33,5.9,"87 km al SURESTE de CD HIDALGO, CHIS",14/04/1983,07:19:28
,07/02/1983,05:54:44,16.45,-98.53,33,5.5,"29 km al SUROESTE de OMETEPEC, GRO",07/02/1983,11:54:44
,05/02/1983,17:41:01,15.65,-95.5,15,5.5,"67 km al SUROESTE de SALINA CRUZ, OAX",05/02/1983,23:41:01
,24/01/1983,07:04:07,15.32,-95.43,33,5.5,"90 km al SURESTE de CRUCECITA, OAX",24/01/1983,13:04:07
,24/01/1983,02:17:40,16.165,-95.206,50,6.8,"2 km al SUROESTE de SALINA CRUZ, OAX",24/01/1983,08:17:40
,14/12/1982,08:11:51,16.46,-98.51,16,5.7,"27 km al SUROESTE de OMETEPEC, GRO",14/12/1982,14:11:51
,28/09/1982,23:50:32,14.51,-89.05,12,5.5,"334 km al ESTE de CD HIDALGO, CHIS",29/09/1982,05:50:32
,19/06/1982,00:24:20,16,-95.1,5,5.9,"23 km al SURESTE de SALINA CRUZ, OAX",19/06/1982,06:24:20
,19/06/1982,00:21:59,13.346,-89.368,74,7.3,"335 km al SURESTE de CD HIDALGO, CHIS",19/06/1982,06:21:59
,07/06/1982,04:59:40,16.516,-98.339,19,7,"20 km al SURESTE de OMETEPEC, GRO",07/06/1982,10:59:40
,07/06/1982,00:52:33,16.424,-98.253,6,6.9,"23 km al NOROESTE de PINOTEPA NACIONAL, OAX",07/06/1982,06:52:33
,06/04/1982,13:56:53,14.276,-92.074,45,6.7,"45 km al SUR de CD HIDALGO, CHIS",06/04/1982,19:56:53
,04/03/1982,05:41:02,13.24,-88.91,76,6,"384 km al SURESTE de CD HIDALGO, CHIS",04/03/1982,11:41:02
,07/02/1982,13:18:17,29.03,-113.03,9,5.6,"153 km al OESTE de M ALEMAN(LA DOCE), SON",07/02/1982,19:18:17
,11/01/1982,23:48:17,13.18,-87.59,4,6,"520 km al SURESTE de CD HIDALGO, CHIS",12/01/1982,05:48:17
,02/01/1982,01:05:50,16.44,-100.29,33,6,"63 km al SUROESTE de ACAPULCO, GRO",02/01/1982,07:05:50
,01/01/1982,21:30:41,15.93,-100.88,25,6.1,"145 km al SUR de TECPAN, GRO",02/01/1982,03:30:41
,01/11/1981,17:18:41,17.96,-101.31,33,5.5,"43 km al NORESTE de ZIHUATANEJO, GRO",01/11/1981,23:18:41
,24/10/1981,21:22:16,18.088,-102.061,21,7.3,"18 km al NORESTE de LAS GUACAMAYAS, MICH",25/10/1981,03:22:16
,25/07/1981,23:14:21,17.79,-102.01,21,6.5,"28 km al SURESTE de CD LAZARO CARDENAS, MICH",26/07/1981,05:14:21
,21/07/1981,03:15:00,15.1,-99.2,40,5.7,"184 km al SUROESTE de PINOTEPA NACIONAL, OAX",21/07/1981,09:15:00
,01/06/1981,09:12:46,18.73,-107.03,33,6,"266 km al OESTE de CIHUATLAN, JAL",01/06/1981,15:12:46
,15/01/1981,19:14:57,15.35,-93.41,33,5.6,"43 km al SUROESTE de PIJIJIAPAN, CHIS",16/01/1981,01:14:57
,01/01/1981,11:29:49,15.83,-99.09,33,5.5,"111 km al SURESTE de SAN MARCOS, GRO",01/01/1981,17:29:49
,01/11/1980,16:52:22,19.09,-107.33,33,6.1,"277 km al SUROESTE de PUERTO VALLARTA, JAL",01/11/1980,22:52:22
,24/10/1980,08:53:36,18.174,-98.222,65,7.1,"19 km al OESTE de ACATLAN DE OSORIO, PUE",24/10/1980,14:53:36
,08/08/1980,23:45:11,15.879,-88.505,24,6.5,"291 km al SUR de CHETUMAL, QR",09/08/1980,05:45:11
,19/07/1980,18:24:04,16.35,-91.95,64,5.5,"5 km al NORESTE de LAS MARGARITAS, CHIS",20/07/1980,00:24:04
,08/06/1980,21:28:18,32.22,-114.99,5,6.4,"13 km al SURESTE de GPE VICTORIA(KM.43), BC",09/06/1980,03:28:18
,06/06/1980,21:51:36,16.24,-98.29,33,5.5,"28 km al SUROESTE de PINOTEPA NACIONAL, OAX",07/06/1980,03:51:36
,25/11/1979,16:14:54,13.58,-91.69,33,6.3,"131 km al SURESTE de CD HIDALGO, CHIS",25/11/1979,22:14:54
,27/10/1979,15:43:26,13.782,-90.754,65,6.8,"180 km al SURESTE de CD HIDALGO, CHIS",27/10/1979,21:43:26
,27/10/1979,08:36:00,13.855,-90.857,64,6.8,"167 km al SURESTE de CD HIDALGO, CHIS",27/10/1979,14:36:00
,21/10/1979,23:42:13,15.36,-99.75,33,5.7,"163 km al SUR de SAN MARCOS, GRO",22/10/1979,05:42:13
,16/10/1979,00:19:48,32.93,-115.54,9,5.5,"30 km al NORTE de MEXICALI, BC",16/10/1979,06:19:48
,15/10/1979,17:17:00,32.784,-115.657,14,6.5,"19 km al NOROESTE de SANTA ISABEL, BC",15/10/1979,23:17:00
,01/10/1979,08:14:16,15.67,-92.93,100,6,"26 km al NORTE de MAPASTEPEC, CHIS",01/10/1979,14:14:16
,22/06/1979,00:30:57,17.014,-94.605,115,6.9,"49 km al NORESTE de MATIAS ROMERO, OAX",22/06/1979,06:30:57
,04/06/1979,00:26:43,15.48,-93.9,33,5.6,"69 km al SUR de TONALA, CHIS",04/06/1979,06:26:43
,30/04/1979,00:00:52,17.04,-102.08,36,5.6,"87 km al SUROESTE de ZIHUATANEJO, GRO",30/04/1979,06:00:52
,30/03/1979,18:28:30,14.56,-92.72,96,5.9,"63 km al OESTE de CD HIDALGO, CHIS",31/03/1979,00:28:30
,22/03/1979,06:23:06,17.37,-102.14,33,5.5,"65 km al SUR de CD LAZARO CARDENAS, MICH",22/03/1979,12:23:06
,18/03/1979,14:12:35,17.58,-100.83,36,6,"45 km al NOROESTE de TECPAN, GRO",18/03/1979,20:12:35
,14/03/1979,05:07:15,17.75,-101.263,25,7.4,"24 km al NORTE de PETATLAN, GRO",14/03/1979,11:07:15
,22/02/1979,16:53:21,27.59,-112.41,33,5.5,"31 km al NOROESTE de SANTA ROSALIA, BCS",22/02/1979,22:53:21
,26/01/1979,14:17:33,17.2,-101.23,13,5.5,"38 km al SUR de PETATLAN, GRO",26/01/1979,20:17:33
,26/01/1979,11:10:31,17,-101.99,33,6,"85 km al SUROESTE de ZIHUATANEJO, GRO",26/01/1979,17:10:31
,26/01/1979,04:04:31,17.397,-100.895,23,6.6,"34 km al NOROESTE de TECPAN, GRO",26/01/1979,10:04:31
,11/01/1979,21:59:00,14.11,-91.9,75,5.5,"68 km al SURESTE de CD HIDALGO, CHIS",12/01/1979,03:59:00
,10/01/1979,07:24:15,16.49,-93.99,116,5.7,"30 km al NOROESTE de ARRIAGA , CHIS",10/01/1979,13:24:15
,06/12/1978,08:26:53,13.56,-92.46,33,5.7,"128 km al SUROESTE de CD HIDALGO, CHIS",06/12/1978,14:26:53
,29/11/1978,14:49:48,16.19,-96.63,22,5.7,"16 km al SUR de MIAHUATLAN, OAX",29/11/1978,20:49:48
,29/11/1978,13:52:50,16.013,-96.586,23,7.6,"32 km al NOROESTE de S PEDRO POCHUTLA, OAX",29/11/1978,19:52:50
,18/08/1978,09:35:31,15.13,-92.51,33,5.5,"5 km al OESTE de HUIXTLA, CHIS",18/08/1978,15:35:31
,30/05/1978,19:07:21,12.759,-87.287,49,6.5,"567 km al SURESTE de CD HIDALGO, CHIS",31/05/1978,01:07:21
,05/05/1978,15:03:15,32.22,-115.32,5,5.5,"22 km al SUROESTE de GPE VICTORIA(KM.43), BC",05/05/1978,21:03:15
,18/03/1978,19:39:16,17.036,-99.745,44,6.6,"24 km al NORESTE de ACAPULCO, GRO",19/03/1978,01:39:16
,21/09/1977,07:15:57,20.03,-109.15,33,5.7,"326 km al SUR de CABO SAN LUCAS, BCS",21/09/1977,13:15:57
,10/09/1977,04:21:03,13.52,-91.75,78,5.6,"135 km al SURESTE de CD HIDALGO, CHIS",10/09/1977,10:21:03
,19/08/1977,21:51:54,16.7,-86.61,36,5.9,"269 km al SURESTE de CHETUMAL, QR",20/08/1977,03:51:54
,19/08/1977,20:46:11,16.61,-86.85,14,5.7,"260 km al SURESTE de CHETUMAL, QR",20/08/1977,02:46:11
,07/12/1976,06:59:56,31.98,-114.78,8,5.5,"46 km al SURESTE de GPE VICTORIA(KM.43), BC",07/12/1976,12:59:56
,19/09/1976,14:58:05,18,-100.58,42,5.5,"41 km al SUR de CD ALTAMIRANO, GRO",19/09/1976,20:58:05
,05/09/1976,14:11:40,18.64,-100.93,61,5.5,"4 km al NOROESTE de HUETAMO, MICH",05/09/1976,20:11:40
,07/06/1976,08:26:42,17.406,-100.682,57,6.5,"21 km al NOROESTE de TECPAN, GRO",07/06/1976,14:26:42
,20/02/1976,08:20:42,13.68,-92.26,32,5.5,"111 km al SUR de CD HIDALGO, CHIS",20/02/1976,14:20:42
,09/02/1976,15:29:57,21.59,-106.61,48,5.5,"141 km al SUROESTE de TUXPAN, NAY",09/02/1976,21:29:57
,08/02/1976,02:13:46,15.57,-88.47,5,5.6,"325 km al SUR de CHETUMAL, QR",08/02/1976,08:13:46
,06/02/1976,12:19:17,14.76,-90.61,5,5.7,"166 km al ESTE de CD HIDALGO, CHIS",06/02/1976,18:19:17
,04/02/1976,03:01:46,15.262,-89.198,13,7.5,"319 km al ESTE de FRONTERA COMALAPA, CHIS",04/02/1976,09:01:46
,01/02/1976,05:14:57,17.17,-100.19,52,5.7,"21 km al NOROESTE de COYUCA DE BENITEZ, GRO",01/02/1976,11:14:57
,15/11/1975,09:28:30,18.23,-102.18,33,5.9,"24 km al NORTE de LAS GUACAMAYAS, MICH",15/11/1975,15:28:30
,28/10/1975,22:53:58,16.86,-99.67,33,5.7,"24 km al ESTE de ACAPULCO, GRO",29/10/1975,04:53:58
,11/10/1975,08:41:09,17.58,-102.28,33,5.5,"42 km al SUR de CD LAZARO CARDENAS, MICH",11/10/1975,14:41:09
,24/09/1975,11:19:37,25.15,-109.26,33,5.7,"76 km al SUROESTE de LOS MOCHIS, SIN",24/09/1975,17:19:37
,19/08/1975,14:18:55,15.29,-98.81,33,5.6,"142 km al SUROESTE de PINOTEPA NACIONAL, OAX",19/08/1975,20:18:55
,19/08/1975,08:57:12,15.85,-94.34,33,5.6,"63 km al SUROESTE de ARRIAGA , CHIS",19/08/1975,14:57:12
,08/07/1975,03:37:25,29.304,-113.468,5,6.5,"160 km al NORESTE de GUERRERO NEGRO, BCS",08/07/1975,09:37:25
,23/04/1975,05:14:48,16.34,-98.87,11,6,"62 km al SUROESTE de OMETEPEC, GRO",23/04/1975,11:14:48
,14/03/1975,00:04:31,16.11,-93.63,155,5.5,"14 km al ESTE de TONALA, CHIS",14/03/1975,06:04:31
,31/12/1974,14:21:09,14.13,-91.82,39,6.1,"70 km al SURESTE de CD HIDALGO, CHIS",31/12/1974,20:21:09
,24/10/1974,18:05:34,15.84,-93.48,100,6,"34 km al NOROESTE de PIJIJIAPAN, CHIS",25/10/1974,00:05:34
,06/10/1974,11:09:33,16.69,-99.89,50,5.5,"20 km al SUR de ACAPULCO, GRO",06/10/1974,17:09:33
,18/07/1974,13:21:23,16.78,-98.6,33,5.6,"23 km al NOROESTE de OMETEPEC, GRO",18/07/1974,19:21:23
,25/06/1974,02:44:45,15.44,-95.47,30,5.6,"80 km al SURESTE de CRUCECITA, OAX",25/06/1974,08:44:45
,31/05/1974,08:04:59,27.23,-111.24,33,6.3,"83 km al SUROESTE de H GUAYMAS, SON",31/05/1974,14:04:59
,28/08/1973,03:50:41,18.248,-96.551,82,7.3,"30 km al SUROESTE de TIERRA BLANCA, VER",28/08/1973,09:50:41
,30/01/1973,15:01:12,18.412,-103.019,24,7.6,"43 km al SURESTE de COALCOMAN, MICH",30/01/1973,21:01:12
,12/11/1972,22:43:45,15.541,-95.04,14,6.5,"73 km al SUR de SALINA CRUZ, OAX",13/11/1972,04:43:45
,20/10/1972,02:17:46,18.7,-106.756,10,6.6,"238 km al OESTE de CIHUATLAN, JAL",20/10/1972,08:17:46
,30/09/1971,02:18:00,26.88,-110.8,14,6.5,"92 km al SUROESTE de PUEBLO YAQUI, SON",30/09/1971,08:18:00
,30/04/1970,02:32:58,14.608,-93.26,22,6.5,"100 km al SUROESTE de MAPASTEPEC, CHIS",30/04/1970,08:32:58
,29/04/1970,08:01:34,14.463,-92.683,44,7.3,"62 km al SUROESTE de CD HIDALGO, CHIS",29/04/1970,14:01:34
,03/02/1970,23:08:50,15.524,-99.493,21,6.6,"141 km al SUR de SAN MARCOS, GRO",04/02/1970,05:08:50
,01/11/1969,05:08:22,23.105,-107.99,10,6.6,"144 km al SUROESTE de LA CRUZ, SIN",01/11/1969,11:08:22
,17/08/1969,14:15:00,25.12,-109.55,15,6.7,"93 km al SUROESTE de LOS MOCHIS, SIN",17/08/1969,20:15:00
,17/08/1969,14:13:09,25.25,-109.24,15,6.5,"65 km al SUROESTE de LOS MOCHIS, SIN",17/08/1969,20:13:09
,28/11/1968,04:36:08,15.231,-94.775,23,6.6,"114 km al SURESTE de SALINA CRUZ, OAX",28/11/1968,10:36:08
,02/08/1968,08:06:37,16.6,-97.8,16,7.3,"39 km al NORESTE de PINOTEPA NACIONAL, OAX",02/08/1968,14:06:37
,01/07/1968,21:44:52,17.508,-100.256,62,6.7,"38 km al NORESTE de ATOYAC DE ALVAREZ, GRO",02/07/1968,03:44:52
,09/12/1965,00:07:51,17.249,-100.07,65,6.5,"27 km al NORTE de COYUCA DE BENITEZ, GRO",09/12/1965,06:07:51
,23/08/1965,13:46:02,16.178,-95.877,12,7.4,"53 km al NORESTE de CRUCECITA, OAX",23/08/1965,19:46:02
,06/07/1964,01:22:13,18.03,-100.77,55,7.2,"38 km al SUROESTE de CD ALTAMIRANO, GRO",06/07/1964,07:22:13
,05/07/1964,20:14:37,26.32,-110.28,10,6.5,"85 km al SUROESTE de HUATABAMPO, SON",06/07/1964,02:14:37
,18/11/1963,08:38:26,29.68,-113.74,7,6.5,"182 km al SUR de PUERTO PEÑASCO, SON",18/11/1963,14:38:26
,19/05/1962,08:58:10,17.12,-99.57,33,7,"41 km al NOROESTE de SAN MARCOS, GRO",19/05/1962,14:58:10
,11/05/1962,08:11:57,17.25,-99.58,33,7.1,"34 km al SUR de CHILPANCINGO, GRO",11/05/1962,14:11:57
,01/09/1961,12:50:34,13.5,-92.66,25,6.6,"141 km al SUROESTE de CD HIDALGO, CHIS",01/09/1961,18:50:34
,13/07/1960,10:23:56,17,-94.5,150,6.9,"59 km al ESTE de MATIAS ROMERO, OAX",13/07/1960,16:23:56
,26/08/1959,02:25:31,18.26,-94.43,21,6.4,"12 km al NORTE de ALLENDE, VER",26/08/1959,08:25:31
,24/05/1959,13:17:43,17.72,-97.15,80,6.8,"28 km al SURESTE de TEPELMEME, OAX",24/05/1959,19:17:43
,28/07/1957,02:40:10,17.11,-99.1,33,7.8,"47 km al NORESTE de SAN MARCOS, GRO",28/07/1957,08:40:10
,09/04/1957,23:12:09,15.52,-98.25,33,6.7,"93 km al SUR de PINOTEPA NACIONAL, OAX",10/04/1957,05:12:09
,09/02/1956,08:32:39,31.9,-115.8,33,6.7,"75 km al ESTE de RODOLFO SANCHEZ T(MRO), BC",09/02/1956,14:32:39
,26/09/1955,02:28:20,15.5,-92.5,200,6.9,"31 km al NOROESTE de MOTOZINTLA, CHIS",26/09/1955,08:28:20
,28/08/1955,14:13:30,14,-91,60,6.6,"145 km al SURESTE de CD HIDALGO, CHIS",28/08/1955,20:13:30
,05/04/1955,09:09:15,25,-110,33,6.6,"100 km al NORESTE de LA PAZ, BCS",05/04/1955,15:09:15
,29/04/1954,05:34:34,28.5,-113,33,7,"120 km al NORESTE de GUERRERO NEGRO, BCS",29/04/1954,11:34:34
,01/12/1953,09:18:33,16.4,-98.85,33,6.7,"57 km al SUROESTE de OMETEPEC, GRO",01/12/1953,15:18:33
,24/08/1953,07:21:02,14.1,-91.4,96,6.7,"103 km al SURESTE de CD HIDALGO, CHIS",24/08/1953,13:21:02
,28/12/1951,03:20:26,16.9,-98.7,33,6.8,"39 km al NOROESTE de OMETEPEC, GRO",28/12/1951,09:20:26
,11/12/1951,19:37:34,17,-94.5,100,7,"59 km al ESTE de MATIAS ROMERO, OAX",12/12/1951,01:37:34
,14/12/1950,08:15:50,17.22,-98.12,33,7.2,"47 km al OESTE de H TLAXIACO, OAX",14/12/1950,14:15:50
,17/11/1950,13:28:23,17.5,-100.5,33,6.6,"33 km al NORTE de ATOYAC DE ALVAREZ, GRO",17/11/1950,19:28:23
,23/10/1950,10:13:20,14.3,-91.8,33,7.2,"56 km al SURESTE de CD HIDALGO, CHIS",23/10/1950,16:13:20
,21/10/1950,03:42:58,17.73,-106,33,6.6,"225 km al SUROESTE de CIHUATLAN, JAL",21/10/1950,09:42:58
,29/09/1950,00:32:20,19,-107,60,7,"257 km al SUROESTE de PUERTO VALLARTA, JAL",29/09/1950,06:32:20
,03/12/1948,18:22:48,22,-106.5,33,6.9,"116 km al SUROESTE de TECUALA, NAY",04/12/1948,00:22:48
,11/08/1948,04:36:19,17.75,-95.25,100,6.5,"31 km al SURESTE de J RODRIGUEZ CLARA, VER",11/08/1948,10:36:19
,06/01/1948,11:25:58,17,-98,80,7,"45 km al SUROESTE de H TLAXIACO, OAX",06/01/1948,17:25:58
,06/01/1948,11:23:36,17,-98,80,6.9,"45 km al SUROESTE de H TLAXIACO, OAX",06/01/1948,17:23:36
,10/07/1946,22:46:42,17,-94.5,130,6.9,"59 km al ESTE de MATIAS ROMERO, OAX",11/07/1946,04:46:42
,06/06/1946,22:13:20,16.5,-94,100,6.5,"31 km al NOROESTE de ARRIAGA , CHIS",07/06/1946,04:13:20
,27/10/1945,05:24:41,15,-91.25,200,6.7,"98 km al ESTE de CACAHOATAN, CHIS",27/10/1945,11:24:41
,11/10/1945,10:53:02,18.32,-97.65,95,6.5,"31 km al SUROESTE de TEHUACAN, PUE",11/10/1945,16:53:02
,29/06/1945,23:31:18,17,-115,33,6.7,"841 km al SUROESTE de CABO SAN LUCAS, BCS",30/06/1945,05:31:18
,27/06/1945,07:08:20,27,-111,33,6.8,"102 km al SUR de H GUAYMAS, SON",27/06/1945,13:08:20
,28/06/1944,01:58:54,15,-92.5,33,7.1,"16 km al SUR de HUIXTLA, CHIS",28/06/1944,07:58:54
,10/01/1944,14:09:52,17,-101,33,6.5,"46 km al SUROESTE de TECPAN, GRO",10/01/1944,20:09:52
,23/09/1943,09:00:44,15,-91.5,110,6.7,"71 km al ESTE de CACAHOATAN, CHIS",23/09/1943,15:00:44
,31/08/1943,10:10:40,14.25,-91.5,80,6.7,"85 km al SURESTE de CD HIDALGO, CHIS",31/08/1943,16:10:40
,22/02/1943,03:20:45,17.6,-101.1,33,7.4,"20 km al NORESTE de PETATLAN, GRO",22/02/1943,09:20:45
,11/11/1942,22:55:34,17.25,-94.25,90,6.7,"75 km al SUR de LAS CHOAPAS, VER",12/11/1942,04:55:34
,06/08/1942,17:36:59,14.8,-91.3,50,7.9,"93 km al ESTE de CD HIDALGO, CHIS",06/08/1942,23:36:59
,20/06/1942,04:02:07,19,-101,100,6.7,"43 km al NORTE de HUETAMO, MICH",20/06/1942,10:02:07
,15/04/1941,13:09:51,18.85,-102.94,33,7.6,"25 km al NORESTE de COALCOMAN, MICH",15/04/1941,19:09:51
,27/07/1940,07:32:30,14.25,-91.5,90,6.7,"85 km al SURESTE de CD HIDALGO, CHIS",27/07/1940,13:32:30
,18/05/1940,22:36:41,32.7,-115.5,33,7.1,"5 km al NOROESTE de MEXICALI, BC",19/05/1940,04:36:41
,05/12/1939,02:30:07,14.5,-91.5,33,6.7,"73 km al SURESTE de CD HIDALGO, CHIS",05/12/1939,08:30:07
,02/05/1939,07:14:47,29.5,-113.5,33,6.7,"179 km al NORESTE de GUERRERO NEGRO, BCS",02/05/1939,13:14:47
,25/12/1937,00:03:25,15.68,-97.8,33,6.5,"54 km al SUROESTE de RIO GRANDE, OAX",25/12/1937,06:03:25
,23/12/1937,07:17:58,17.1,-98.07,33,7.4,"46 km al SUROESTE de H TLAXIACO, OAX",23/12/1937,13:17:58
,06/10/1937,03:47:18,17.78,-99.17,100,6.9,"20 km al NORTE de CHILAPA DE ALVAREZ, GRO",06/10/1937,09:47:18
,25/07/1937,21:47:13,18.45,-96.08,85,7.3,"24 km al NORTE de TRES VALLES, VER",26/07/1937,03:47:13
,14/12/1935,16:05:17,14.75,-92.5,33,7.3,"31 km al SUROESTE de TAPACHULA, CHIS",14/12/1935,22:05:17
,29/06/1935,00:48:54,18.75,-103.5,33,6.9,"36 km al OESTE de COALCOMAN, MICH",29/06/1935,06:48:54
,31/12/1934,12:45:45,32,-114.75,33,7.1,"46 km al SURESTE de GPE VICTORIA(KM.43), BC",31/12/1934,18:45:45
,29/11/1934,20:05:16,19,-105.31,33,7,"83 km al SUROESTE de CIHUATLAN, JAL",30/11/1934,02:05:16
,28/01/1934,13:10:03,17,-100,33,6.8,"9 km al ESTE de COYUCA DE BENITEZ, GRO",28/01/1934,19:10:03
,08/05/1933,04:33:40,17.5,-101,33,6.9,"29 km al ESTE de PETATLAN, GRO",08/05/1933,10:33:40
,08/04/1933,21:58:17,19.5,-105,33,6.6,"54 km al NOROESTE de CIHUATLAN, JAL",09/04/1933,03:58:17
,07/12/1932,10:22:09,19,-104,33,6.8,"8 km al NOROESTE de CD DE ARMERIA, COL",07/12/1932,16:22:09
,25/07/1932,03:12:46,18.87,-103.93,33,6.9,"7 km al SUROESTE de TECOMAN, COL",25/07/1932,09:12:46
,12/07/1932,13:24:10,26.5,-110,33,6.7,"51 km al SUROESTE de HUATABAMPO, SON",12/07/1932,19:24:10
,07/07/1932,10:15:51,29,-113,33,6.7,"149 km al OESTE de M ALEMAN(LA DOCE), SON",07/07/1932,16:15:51
,22/06/1932,06:59:28,18.74,-104.68,33,6.9,"52 km al SUROESTE de MANZANILLO, COL",22/06/1932,12:59:28
,18/06/1932,04:12:10,19.5,-103.5,33,7.8,"14 km al SUROESTE de TUXPAN, JAL",18/06/1932,10:12:10
,03/06/1932,04:36:52,19.57,-104.42,33,8.2,"4 km al SURESTE de CASIMIRO CASTILLO, JAL",03/06/1932,10:36:52
,14/01/1931,19:50:40,16.34,-96.87,40,7.8,"30 km al OESTE de MIAHUATLAN, OAX",15/01/1931,01:50:40
,02/01/1931,03:49:02,19,-107,33,6.7,"257 km al SUROESTE de PUERTO VALLARTA, JAL",02/01/1931,09:49:02
,31/10/1928,22:12:54,27.066,-105.569,10,6.3,"17 km al NOROESTE de HIDALGO DEL PARRAL, CHIH",01/11/1928,04:12:54
,08/10/1928,21:01:08,16.3,-97.3,33,7.5,"35 km al NORESTE de RIO GRANDE, OAX",09/10/1928,03:01:08
,04/08/1928,12:28:17,16.83,-97.61,33,7.4,"49 km al SUR de H TLAXIACO, OAX",04/08/1928,18:28:17
,16/06/1928,21:19:28,16.33,-96.7,33,7.6,"11 km al OESTE de MIAHUATLAN, OAX",17/06/1928,03:19:28
,16/04/1928,21:25:27,17.69,-96.44,115,6.7,"55 km al SUROESTE de TUXTEPEC, OAX",17/04/1928,03:25:27
,21/03/1928,22:17:30,15.67,-96.1,33,7.5,"12 km al SURESTE de CRUCECITA, OAX",22/03/1928,04:17:30
,09/02/1928,22:39:37,18.26,-97.99,84,6.5,"9 km al NORESTE de ACATLAN DE OSORIO, PUE",10/02/1928,04:39:37
,10/12/1925,08:14:42,15.5,-92.5,33,7,"31 km al NOROESTE de MOTOZINTLA, CHIS",10/12/1925,14:14:42
,16/11/1925,05:54:54,18,-107,33,7,"291 km al SUROESTE de CIHUATLAN, JAL",16/11/1925,11:54:54
,07/08/1925,01:47:48,19,-102,100,6.7,"10 km al SURESTE de NUEVA ITALIA, MICH",07/08/1925,07:47:48
,11/06/1922,22:47:44,24,-108.5,33,6.7,"117 km al SUROESTE de NAVOLATO, SIN",12/06/1922,04:47:44
,21/04/1921,14:01:36,18.2,-103.3,33,6.5,"65 km al SUR de COALCOMAN, MICH",21/04/1921,20:01:36
,04/02/1921,02:22:44,15,-91,120,7.4,"125 km al ESTE de CACAHOATAN, CHIS",04/02/1921,08:22:44
,19/04/1920,15:06:36,19,-97,110,6.7,"9 km al SURESTE de COSCOMATEPEC, VER",19/04/1920,21:06:36
,03/01/1920,22:21:56,19.27,-96.97,10,~6.4,"13 km al NORTE de HUATUSCO, VER",04/01/1920,04:21:56
,17/04/1919,14:53:03,14.5,-91.75,33,6.9,"48 km al SURESTE de CD HIDALGO, CHIS",17/04/1919,20:53:03
,07/06/1918,15:27:06,18.7,-103.3,33,6.6,"17 km al SUROESTE de COALCOMAN, MICH",07/06/1918,21:27:06
,23/05/1918,05:57:30,27,-111,33,6.8,"102 km al SUR de H GUAYMAS, SON",23/05/1918,11:57:30
,29/12/1917,16:50:20,15,-97,33,6.9,"96 km al SUR de PUERTO ESCONDIDO, OAX",29/12/1917,22:50:20
,21/11/1916,00:25:24,18,-100,33,6.8,"43 km al SUROESTE de TELOLOAPAN, GRO",21/11/1916,06:25:24
,02/06/1916,07:59:24,17.5,-95,150,7,"42 km al SUR de SAYULA DE ALEMAN, VER",02/06/1916,13:59:24
,20/11/1915,18:13:22,32,-115,10,7,"33 km al SURESTE de GPE VICTORIA(KM.43), BC",21/11/1915,00:13:22
,06/09/1915,19:20:48,14,-89,80,7.4,"348 km al ESTE de CD HIDALGO, CHIS",07/09/1915,01:20:48
,29/03/1914,18:41:18,17,-92,150,7.2,"14 km al NORESTE de OCOSINGO, CHIS",30/03/1914,00:41:18
,09/12/1912,02:32:24,15.5,-93,33,7,"13 km al NOROESTE de MAPASTEPEC, CHIS",09/12/1912,08:32:24
,19/11/1912,07:55:07,19.93,-99.83,33,6.9,"15 km al NORESTE de ATLACOMULCO, MEX",19/11/1912,13:55:07
,16/12/1911,13:14:18,16.9,-100.7,50,7.5,"36 km al SUR de TECPAN, GRO",16/12/1911,19:14:18
,27/08/1911,04:59:18,17,-96,100,6.7,"51 km al ESTE de TLACOLULA, OAX",27/08/1911,10:59:18
,07/06/1911,05:02:42,17.5,-102.5,33,7.6,"59 km al SUROESTE de CD LAZARO CARDENAS, MICH",07/06/1911,11:02:42
,03/02/1911,14:41:55,17.8,-97.6,80,6.5,"19 km al ESTE de H HUAJUAPAN DE LEON, OAX",03/02/1911,20:41:55
,23/09/1910,21:32:42,16.77,-95.9,80,6.9,"65 km al SURESTE de TLACOLULA, OAX",24/09/1910,03:32:42
,30/05/1910,22:19:19,16.7,-99.2,33,6.5,"23 km al SURESTE de SAN MARCOS, GRO",31/05/1910,04:19:19
,31/10/1909,04:23:00,17,-101.2,33,6.9,"60 km al SUR de PETATLAN, GRO",31/10/1909,10:23:00
,05/09/1909,05:17:20,16.53,-99.72,33,6.6,"42 km al SURESTE de ACAPULCO, GRO",05/09/1909,11:17:20
,31/07/1909,12:43:10,16.62,-99.45,33,6.9,"20 km al SUROESTE de SAN MARCOS, GRO",31/07/1909,18:43:10
,30/07/1909,04:51:54,16.8,-99.9,33,7.2,"8 km al SUR de ACAPULCO, GRO",30/07/1909,10:51:54
,12/10/1908,23:06:00,18,-102,33,6.9,"23 km al ESTE de LAS GUACAMAYAS, MICH",13/10/1908,05:06:00
,26/03/1908,21:45:30,17,-101,33,7,"46 km al SUROESTE de TECPAN, GRO",27/03/1908,03:45:30
,26/03/1908,17:03:30,16.7,-99.2,33,7.5,"23 km al SURESTE de SAN MARCOS, GRO",26/03/1908,23:03:30
,16/10/1907,08:57:18,28,-112.5,10,7.1,"77 km al NOROESTE de SANTA ROSALIA, BCS",16/10/1907,14:57:18
,15/04/1907,00:08:06,16.7,-99.2,33,7.6,"23 km al SURESTE de SAN MARCOS, GRO",15/04/1907,06:08:06
,10/04/1906,15:18:00,20,-110,33,7.1,"320 km al SUR de CABO SAN LUCAS, BCS",10/04/1906,21:18:00
,16/12/1905,23:27:00,17,-113,33,7.1,"727 km al SUROESTE de CABO SAN LUCAS, BCS",17/12/1905,05:27:00
,24/10/1905,11:40:00,20,-110,33,6.6,"320 km al SUR de CABO SAN LUCAS, BCS",24/10/1905,17:40:00
,13/01/1903,19:47:36,15,-93,33,7.6,"50 km al SUR de MAPASTEPEC, CHIS",14/01/1903,01:47:36
,12/12/1902,17:10:00,29,-114,33,7.1,"115 km al NORTE de GUERRERO NEGRO, BCS",12/12/1902,23:10:00
,23/09/1902,14:18:00,16.5,-92.5,25,7.7,"5 km al SUROESTE de TEOPISCA, CHIS",23/09/1902,20:18:00
,18/04/1902,20:23:00,14.9,-91.5,25,7.5,"72 km al ESTE de CACAHOATAN, CHIS",19/04/1902,02:23:00
,16/01/1902,17:19:00,17.62,-99.72,33,7,"21 km al OESTE de ZUMPANGO DEL RIO, GRO",16/01/1902,23:19:00
,08/12/1901,20:17:00,26,-110,33,7,"83 km al OESTE de AHOME, SIN",09/12/1901,02:17:00
,05/03/1901,04:45:00,25,-110,33,6.9,"100 km al NORESTE de LA PAZ, BCS",05/03/1901,10:45:00
,16/05/1900,14:12:00,20,-105,33,6.9,"71 km al NOROESTE de AUTLAN DE NAVARRO, JAL",16/05/1900,20:12:00
,20/01/1900,00:33:30,20,-105,33,7.4,"71 km al NOROESTE de AUTLAN DE NAVARRO, JAL",20/01/1900,06:33:30
